{
    "ro_freq": 7460000000.0,
    "ro_power": -35,
    "qu_freq": 3790000000.0,
    "qu_power": -15,
    "current": "sweeping",
    "CW_onetone": {
        "ro_freq_step": 1000000.0,
        "ro_freq_start": 7460000000.0,
        "ro_freq_stop": 7810000000.0,
        "ro_freq_npts": 1,
        "sweep": "current"
    },
    "CW_twotone": {
        "qu_freq_step": 500000.0,
        "qu_freq_start": 3770000000.0,
        "qu_freq_stop": 3810000000.0,
        "qu_freq_npts": false,
        "sweep": "index"
    },
    "CW_twotone_sweep_ro_freq": {
        "ro_freq_step": 250000.0,
        "ro_freq_start": 7260000000.0,
        "ro_freq_stop": 7660000000.0,
        "ro_freq_npts": false,
        "sweep": false
    },
    "vna_bw": 50.0,
    "vna_avg": 1,
    "gs_rampstep": 1e-06,
    "gs_delay": 0.0005,
    "gs_voltage_lim": 1,
    "gs_current_range": 0.001,
    "index": false,
    "sweep_start": -0.0006,
    "sweep_stop": 0.00015,
    "sweep_npts": 376,
    "sweep_list": [
        -0.0006,
        -0.0005979999999999999,
        -0.000596,
        -0.0005939999999999999,
        -0.000592,
        -0.0005899999999999999,
        -0.000588,
        -0.0005859999999999999,
        -0.000584,
        -0.0005819999999999999,
        -0.00058,
        -0.000578,
        -0.0005759999999999999,
        -0.000574,
        -0.0005719999999999999,
        -0.00057,
        -0.0005679999999999999,
        -0.000566,
        -0.0005639999999999999,
        -0.000562,
        -0.00056,
        -0.0005579999999999999,
        -0.000556,
        -0.0005539999999999999,
        -0.000552,
        -0.0005499999999999999,
        -0.000548,
        -0.0005459999999999999,
        -0.000544,
        -0.000542,
        -0.0005399999999999999,
        -0.000538,
        -0.0005359999999999999,
        -0.000534,
        -0.0005319999999999999,
        -0.00053,
        -0.0005279999999999999,
        -0.000526,
        -0.0005239999999999999,
        -0.0005219999999999999,
        -0.00052,
        -0.0005179999999999999,
        -0.000516,
        -0.0005139999999999999,
        -0.000512,
        -0.0005099999999999999,
        -0.000508,
        -0.0005059999999999999,
        -0.0005039999999999999,
        -0.000502,
        -0.0005,
        -0.000498,
        -0.0004959999999999999,
        -0.000494,
        -0.0004919999999999999,
        -0.00049,
        -0.00048799999999999994,
        -0.00048599999999999994,
        -0.00048399999999999995,
        -0.00048199999999999995,
        -0.00047999999999999996,
        -0.00047799999999999996,
        -0.00047599999999999997,
        -0.0004739999999999999,
        -0.000472,
        -0.00046999999999999993,
        -0.000468,
        -0.00046599999999999994,
        -0.00046399999999999995,
        -0.00046199999999999995,
        -0.00045999999999999996,
        -0.00045799999999999997,
        -0.0004559999999999999,
        -0.000454,
        -0.00045199999999999993,
        -0.00045,
        -0.00044799999999999994,
        -0.00044599999999999994,
        -0.00044399999999999995,
        -0.00044199999999999996,
        -0.00043999999999999996,
        -0.00043799999999999997,
        -0.00043599999999999997,
        -0.0004339999999999999,
        -0.000432,
        -0.00042999999999999994,
        -0.000428,
        -0.00042599999999999995,
        -0.00042399999999999995,
        -0.00042199999999999996,
        -0.00041999999999999996,
        -0.00041799999999999997,
        -0.0004159999999999999,
        -0.000414,
        -0.00041199999999999993,
        -0.00041,
        -0.00040799999999999994,
        -0.00040599999999999995,
        -0.00040399999999999995,
        -0.00040199999999999996,
        -0.00039999999999999996,
        -0.0003979999999999999,
        -0.000396,
        -0.00039399999999999993,
        -0.000392,
        -0.00038999999999999994,
        -0.00038799999999999994,
        -0.00038599999999999995,
        -0.00038399999999999996,
        -0.00038199999999999996,
        -0.00037999999999999997,
        -0.00037799999999999997,
        -0.0003759999999999999,
        -0.000374,
        -0.00037199999999999993,
        -0.00037,
        -0.00036799999999999995,
        -0.00036599999999999995,
        -0.00036399999999999996,
        -0.00036199999999999996,
        -0.00035999999999999997,
        -0.0003579999999999999,
        -0.000356,
        -0.000354,
        -0.00035199999999999994,
        -0.00034999999999999994,
        -0.00034799999999999995,
        -0.00034599999999999995,
        -0.00034399999999999996,
        -0.00034199999999999996,
        -0.00033999999999999997,
        -0.000338,
        -0.000336,
        -0.00033399999999999993,
        -0.00033199999999999994,
        -0.00032999999999999994,
        -0.00032799999999999995,
        -0.00032599999999999996,
        -0.00032399999999999996,
        -0.00032199999999999997,
        -0.00031999999999999997,
        -0.000318,
        -0.000316,
        -0.00031399999999999993,
        -0.00031199999999999994,
        -0.00030999999999999995,
        -0.00030799999999999995,
        -0.00030599999999999996,
        -0.00030399999999999996,
        -0.00030199999999999997,
        -0.0003,
        -0.000298,
        -0.000296,
        -0.00029399999999999994,
        -0.00029199999999999994,
        -0.00028999999999999995,
        -0.00028799999999999995,
        -0.00028599999999999996,
        -0.00028399999999999996,
        -0.00028199999999999997,
        -0.00028,
        -0.000278,
        -0.000276,
        -0.00027399999999999994,
        -0.00027199999999999994,
        -0.00026999999999999995,
        -0.00026799999999999995,
        -0.00026599999999999996,
        -0.00026399999999999997,
        -0.00026199999999999997,
        -0.00026,
        -0.000258,
        -0.000256,
        -0.00025399999999999994,
        -0.00025199999999999995,
        -0.00024999999999999995,
        -0.00024799999999999996,
        -0.00024599999999999996,
        -0.00024399999999999997,
        -0.00024199999999999997,
        -0.00023999999999999998,
        -0.00023799999999999998,
        -0.000236,
        -0.00023399999999999994,
        -0.00023199999999999995,
        -0.00022999999999999995,
        -0.00022799999999999996,
        -0.00022599999999999996,
        -0.00022399999999999997,
        -0.00022199999999999998,
        -0.00021999999999999998,
        -0.00021799999999999999,
        -0.00021599999999999994,
        -0.00021399999999999994,
        -0.00021199999999999995,
        -0.00020999999999999995,
        -0.00020799999999999996,
        -0.00020599999999999997,
        -0.00020399999999999997,
        -0.00020199999999999998,
        -0.00019999999999999998,
        -0.000198,
        -0.00019599999999999994,
        -0.00019399999999999995,
        -0.00019199999999999995,
        -0.00018999999999999996,
        -0.00018799999999999996,
        -0.00018599999999999997,
        -0.00018399999999999997,
        -0.00018199999999999998,
        -0.00017999999999999998,
        -0.000178,
        -0.00017599999999999994,
        -0.00017399999999999995,
        -0.00017199999999999995,
        -0.00016999999999999996,
        -0.00016799999999999996,
        -0.00016599999999999997,
        -0.00016399999999999997,
        -0.00016199999999999998,
        -0.00015999999999999999,
        -0.000158,
        -0.00015599999999999994,
        -0.00015399999999999995,
        -0.00015199999999999995,
        -0.00014999999999999996,
        -0.00014799999999999997,
        -0.00014599999999999997,
        -0.00014399999999999998,
        -0.00014199999999999998,
        -0.00014,
        -0.000138,
        -0.00013599999999999994,
        -0.00013399999999999995,
        -0.00013199999999999996,
        -0.00012999999999999996,
        -0.00012799999999999997,
        -0.00012599999999999997,
        -0.00012399999999999998,
        -0.00012199999999999998,
