{
    "ro_freq": 7464000000.0,
    "ro_power": -30,
    "qu_freq": 3645000000.0,
    "qu_power": -29,
    "current": "sweeping",
    "CW_onetone": {
        "ro_freq_step": 1000000.0,
        "ro_freq_start": 7464000000.0,
        "ro_freq_stop": 7464000000.0,
        "ro_freq_npts": 1,
        "sweep": "current"
    },
    "CW_twotone": {
        "qu_freq_step": 1000000.0,
        "qu_freq_start": 3650000000.0,
        "qu_freq_stop": 3950000000.0,
        "qu_freq_npts": 301,
        "sweep": "current"
    },
    "CW_twotone_sweep_ro_freq": {
        "ro_freq_step": 250000.0,
        "ro_freq_start": 7264000000.0,
        "ro_freq_stop": 7664000000.0,
        "ro_freq_npts": false,
        "sweep": false
    },
    "vna_bw": 200,
    "vna_avg": 1,
    "gs_rampstep": 1e-06,
    "gs_delay": 0.0005,
    "gs_voltage_lim": 1,
    "gs_current_range": 0.001,
    "index": false,
    "sweep_start": -1e-05,
    "sweep_stop": 1e-05,
    "sweep_npts": 51,
    "sweep_list": [
        -1e-05,
        -9.600000000000001e-06,
        -9.2e-06,
        -8.8e-06,
        -8.400000000000001e-06,
        -8.000000000000001e-06,
        -7.6e-06,
        -7.2000000000000005e-06,
        -6.800000000000001e-06,
        -6.4000000000000006e-06,
        -6e-06,
        -5.600000000000001e-06,
        -5.2e-06,
        -4.800000000000001e-06,
        -4.4e-06,
        -4.000000000000001e-06,
        -3.6000000000000003e-06,
        -3.2e-06,
        -2.8000000000000003e-06,
        -2.4e-06,
        -1.9999999999999995e-06,
        -1.6e-06,
        -1.2000000000000004e-06,
        -8.000000000000008e-07,
        -3.9999999999999956e-07,
        0.0,
        3.9999999999999956e-07,
        8.000000000000008e-07,
        1.2000000000000004e-06,
        1.6e-06,
        1.9999999999999995e-06,
        2.4000000000000007e-06,
        2.8000000000000003e-06,
        3.2e-06,
        3.600000000000001e-06,
        4.000000000000001e-06,
        4.4e-06,
        4.8e-06,
        5.200000000000001e-06,
        5.599999999999999e-06,
        6.000000000000002e-06,
        6.400000000000001e-06,
        6.800000000000001e-06,
        7.2000000000000005e-06,
        7.6e-06,
        8e-06,
        8.4e-06,
        8.800000000000002e-06,
        9.200000000000002e-06,
        9.600000000000001e-06,
        1e-05
    ]
}