{
    "ro_freq": 7464000000.0,
    "ro_power": -30,
    "qu_freq": 3645000000.0,
    "qu_power": -29,
    "current": "sweeping",
    "CW_onetone": {
        "ro_freq_step": 1000000.0,
        "ro_freq_start": 7464000000.0,
        "ro_freq_stop": 7464000000.0,
        "ro_freq_npts": 1,
        "sweep": "current"
    },
    "CW_twotone": {
        "qu_freq_step": 5000000.0,
        "qu_freq_start": 3650000000.0,
        "qu_freq_stop": 3950000000.0,
        "qu_freq_npts": 61,
        "sweep": "current"
    },
    "CW_twotone_sweep_ro_freq": {
        "ro_freq_step": 250000.0,
        "ro_freq_start": 7264000000.0,
        "ro_freq_stop": 7664000000.0,
        "ro_freq_npts": false,
        "sweep": false
    },
    "vna_bw": 50,
    "vna_avg": 1,
    "gs_rampstep": 1e-06,
    "gs_delay": 0.0005,
    "gs_voltage_lim": 1,
    "gs_current_range": 0.001,
    "index": false,
    "sweep_start": -0.000546,
    "sweep_stop": -0.00053,
    "sweep_npts": 31,
    "sweep_list": [
        -0.000546,
        -0.0005454666666666667,
        -0.0005449333333333334,
        -0.0005444,
        -0.0005438666666666667,
        -0.0005433333333333334,
        -0.0005428000000000001,
        -0.0005422666666666667,
        -0.0005417333333333333,
        -0.0005412,
        -0.0005406666666666667,
        -0.0005401333333333333,
        -0.0005396,
        -0.0005390666666666667,
        -0.0005385333333333334,
        -0.0005380000000000001,
        -0.0005374666666666666,
        -0.0005369333333333333,
        -0.0005364,
        -0.0005358666666666667,
        -0.0005353333333333333,
        -0.0005348,
        -0.0005342666666666667,
        -0.0005337333333333334,
        -0.0005332,
        -0.0005326666666666666,
        -0.0005321333333333333,
        -0.0005316,
        -0.0005310666666666666,
        -0.0005305333333333333,
        -0.00053
    ]
}