{
    "ro_freq": 7464000000.0,
    "ro_power": -30,
    "qu_freq": 3645000000.0,
    "qu_power": -29,
    "current": "sweeping",
    "CW_onetone": {
        "ro_freq_step": 1000000.0,
        "ro_freq_start": 7464000000.0,
        "ro_freq_stop": 7464000000.0,
        "ro_freq_npts": 1,
        "sweep": "current"
    },
    "CW_twotone": {
        "qu_freq_step": 1000000.0,
        "qu_freq_start": 3715000000.0,
        "qu_freq_stop": 3685000000.0,
        "qu_freq_npts": false,
        "sweep": "index"
    },
    "CW_twotone_sweep_ro_freq": {
        "ro_freq_step": 250000.0,
        "ro_freq_start": 7264000000.0,
        "ro_freq_stop": 7664000000.0,
        "ro_freq_npts": false,
        "sweep": false
    },
    "vna_bw": 200,
    "vna_avg": 1,
    "gs_rampstep": 1e-06,
    "gs_delay": 0.0005,
    "gs_voltage_lim": 1,
    "gs_current_range": 0.001,
    "index": false,
    "sweep_start": -0.0008,
    "sweep_stop": 0.0004,
    "sweep_npts": 301,
    "sweep_list": [
        -0.0008,
        -0.000796,
        -0.0007920000000000001,
        -0.0007880000000000001,
        -0.0007840000000000001,
        -0.00078,
        -0.000776,
        -0.000772,
        -0.000768,
        -0.000764,
        -0.00076,
        -0.000756,
        -0.0007520000000000001,
        -0.0007480000000000001,
        -0.0007440000000000001,
        -0.00074,
        -0.000736,
        -0.000732,
        -0.000728,
        -0.000724,
        -0.00072,
        -0.0007160000000000001,
        -0.0007120000000000001,
        -0.0007080000000000001,
        -0.000704,
        -0.0007,
        -0.000696,
        -0.000692,
        -0.000688,
        -0.000684,
        -0.00068,
        -0.000676,
        -0.0006720000000000001,
        -0.000668,
        -0.000664,
        -0.00066,
        -0.000656,
        -0.000652,
        -0.000648,
        -0.000644,
        -0.0006399999999999999,
        -0.0006360000000000001,
        -0.000632,
        -0.000628,
        -0.000624,
        -0.00062,
        -0.000616,
        -0.000612,
        -0.000608,
        -0.000604,
        -0.0006000000000000001,
        -0.000596,
        -0.000592,
        -0.000588,
        -0.000584,
        -0.00058,
        -0.000576,
        -0.000572,
        -0.000568,
        -0.000564,
        -0.00056,
        -0.000556,
        -0.000552,
        -0.000548,
        -0.000544,
        -0.00054,
        -0.000536,
        -0.0005319999999999999,
        -0.000528,
        -0.0005239999999999999,
        -0.0005200000000000001,
        -0.000516,
        -0.000512,
        -0.000508,
        -0.000504,
        -0.0005,
        -0.0004959999999999999,
        -0.000492,
        -0.000488,
        -0.000484,
        -0.00047999999999999996,
        -0.00047599999999999997,
        -0.000472,
        -0.000468,
        -0.000464,
        -0.00045999999999999996,
        -0.00045599999999999997,
        -0.000452,
        -0.000448,
        -0.000444,
        -0.00043999999999999996,
        -0.00043599999999999997,
        -0.000432,
        -0.000428,
        -0.00042399999999999995,
        -0.00041999999999999996,
        -0.000416,
        -0.000412,
        -0.000408,
        -0.00040399999999999995,
        -0.00039999999999999996,
        -0.000396,
        -0.000392,
        -0.00038799999999999994,
        -0.00038399999999999996,
        -0.00037999999999999997,
        -0.000376,
        -0.000372,
        -0.00036799999999999995,
        -0.00036399999999999996,
        -0.00035999999999999997,
        -0.000356,
        -0.000352,
        -0.00034799999999999995,
        -0.00034399999999999996,
        -0.00033999999999999997,
        -0.000336,
        -0.00033199999999999994,
        -0.00032799999999999995,
        -0.00032399999999999996,
        -0.00031999999999999997,
        -0.000316,
        -0.00031199999999999994,
        -0.000308,
        -0.0003039999999999999,
        -0.0002999999999999999,
        -0.00029599999999999993,
        -0.00029199999999999994,
        -0.00028799999999999995,
        -0.00028399999999999996,
        -0.00028,
        -0.000276,
        -0.000272,
        -0.0002679999999999999,
        -0.0002639999999999999,
        -0.0002599999999999999,
        -0.00025599999999999993,
        -0.00025199999999999995,
        -0.00024799999999999996,
        -0.00024399999999999997,
        -0.00023999999999999998,
        -0.000236,
        -0.0002319999999999999,
        -0.0002279999999999999,
        -0.00022399999999999992,
        -0.00021999999999999993,
        -0.00021599999999999994,
        -0.00021199999999999995,
        -0.00020799999999999996,
        -0.00020399999999999997,
        -0.00019999999999999998,
        -0.00019599999999999989,
        -0.0001919999999999999,
        -0.0001879999999999999,
        -0.00018399999999999992,
        -0.00017999999999999993,
        -0.00017599999999999994,
        -0.00017199999999999995,
        -0.00016799999999999996,
        -0.00016399999999999997,
        -0.00015999999999999988,
        -0.0001559999999999999,
        -0.0001519999999999999,
        -0.0001479999999999999,
        -0.00014399999999999992,
        -0.00013999999999999993,
        -0.00013599999999999994,
        -0.00013199999999999996,
        -0.00012799999999999997,
        -0.00012399999999999998,
        -0.00011999999999999988,
        -0.00011599999999999989,
        -0.0001119999999999999,
        -0.00010799999999999991,
        -0.00010399999999999993,
        -9.999999999999994e-05,
        -9.599999999999995e-05,
        -9.199999999999996e-05,
        -8.799999999999997e-05,
        -8.399999999999987e-05,
        -7.999999999999988e-05,
        -7.59999999999999e-05,
        -7.199999999999991e-05,
        -6.799999999999992e-05,
        -6.399999999999993e-05,
        -5.999999999999994e-05,
        -5.599999999999995e-05,
        -5.199999999999996e-05,
        -4.7999999999999866e-05,
        -4.399999999999988e-05,
        -3.999999999999989e-05,
        -3.59999999999999e-05,
        -3.199999999999991e-05,
        -2.799999999999992e-05,
        -2.3999999999999933e-05,
        -1.9999999999999944e-05,
        -1.5999999999999955e-05,
        -1.1999999999999858e-05,
        -7.99999999999987e-06,
        -3.99999999999988e-06,
        1.0842021724855044e-19,
        4.000000000000097e-06,
        8.000000000000086e-06,
        1.2000000000000075e-05,
        1.6000000000000064e-05,
        2.0000000000000052e-05,
        2.400000000000015e-05,
        2.800000000000014e-05,
        3.200000000000013e-05,
        3.6000000000000116e-05,
        4.0000000000000105e-05,
        4.4000000000000094e-05,
        4.800000000000008e-05,
        5.200000000000007e-05,
        5.600000000000006e-05,
        6.000000000000016e-05,
        6.400000000000015e-05,
        6.800000000000013e-05,
        7.200000000000012e-05,
        7.600000000000011e-05,
        8.00000000000001e-05,
        8.400000000000009e-05,
        8.800000000000008e-05,
        9.200000000000007e-05,
        9.600000000000006e-05,
        0.00010000000000000015,
        0.00010400000000000014,
        0.00010800000000000013,
        0.00011200000000000012,
        0.00011600000000000011,
        0.0001200000000000001,
        0.0001240000000000001,
        0.00012800000000000008,
        0.00013200000000000006,
        0.00013600000000000016,
        0.00014000000000000015,
        0.00014400000000000014,
        0.00014800000000000013,
        0.00015200000000000012,
        0.0001560000000000001,
        0.0001600000000000001,
        0.00016400000000000008,
        0.00016800000000000007,
        0.00017200000000000017,
        0.00017600000000000016,
        0.00018000000000000015,
        0.00018400000000000003,
        0.00018800000000000012,
        0.00019200000000000022,
        0.0001960000000000001,
        0.0002000000000000002,
        0.00020400000000000008,
        0.00020800000000000018,
        0.00021200000000000006,
