{
    "ro_freq": 7460000000.0,
    "ro_power": -35,
    "qu_freq": 3790000000.0,
    "qu_power": -15,
    "current": "sweeping",
    "CW_onetone": {
        "ro_freq_step": 1000000.0,
        "ro_freq_start": 7460000000.0,
        "ro_freq_stop": 7810000000.0,
        "ro_freq_npts": 1,
        "sweep": "current"
    },
    "CW_twotone": {
        "qu_freq_step": 500000.0,
        "qu_freq_start": 3770000000.0,
        "qu_freq_stop": 3810000000.0,
        "qu_freq_npts": false,
        "sweep": "index"
    },
    "CW_twotone_sweep_ro_freq": {
        "ro_freq_step": 250000.0,
        "ro_freq_start": 7260000000.0,
        "ro_freq_stop": 7660000000.0,
        "ro_freq_npts": false,
        "sweep": false
    },
    "vna_bw": 50.0,
    "vna_avg": 1,
    "gs_rampstep": 1e-06,
    "gs_delay": 0.0005,
    "gs_voltage_lim": 1,
    "gs_current_range": 0.001,
    "index": false,
    "sweep_start": -0.0006,
    "sweep_stop": -0.0001,
    "sweep_npts": 101,
    "sweep_list": [
        -0.0006,
        -0.0005949999999999999,
        -0.0005899999999999999,
        -0.0005849999999999999,
        -0.00058,
        -0.000575,
        -0.00057,
        -0.000565,
        -0.00056,
        -0.0005549999999999999,
        -0.0005499999999999999,
        -0.0005449999999999999,
        -0.00054,
        -0.000535,
        -0.00053,
        -0.000525,
        -0.00052,
        -0.0005149999999999999,
        -0.0005099999999999999,
        -0.000505,
        -0.0005,
        -0.000495,
        -0.00049,
        -0.00048499999999999997,
        -0.00047999999999999996,
        -0.00047499999999999994,
        -0.00047,
        -0.00046499999999999997,
        -0.00046,
        -0.000455,
        -0.00045,
        -0.000445,
        -0.00043999999999999996,
        -0.000435,
        -0.00043,
        -0.00042500000000000003,
        -0.00042,
        -0.000415,
        -0.00041,
        -0.000405,
        -0.00039999999999999996,
        -0.000395,
        -0.00039,
        -0.00038500000000000003,
        -0.00038,
        -0.000375,
        -0.00037,
        -0.000365,
        -0.00036,
        -0.000355,
        -0.00035,
        -0.00034500000000000004,
        -0.00034,
        -0.000335,
        -0.00033,
        -0.00032500000000000004,
        -0.00032,
        -0.000315,
        -0.00031,
        -0.00030500000000000004,
        -0.00030000000000000003,
        -0.000295,
        -0.00029,
        -0.00028500000000000004,
        -0.00028000000000000003,
        -0.000275,
        -0.00027000000000000006,
        -0.00026500000000000004,
        -0.00026000000000000003,
        -0.000255,
        -0.00025000000000000006,
        -0.00024500000000000005,
        -0.00024000000000000003,
        -0.00023500000000000002,
        -0.00023000000000000006,
        -0.00022500000000000005,
        -0.00022000000000000003,
        -0.00021500000000000002,
        -0.00021000000000000006,
        -0.00020500000000000005,
        -0.00020000000000000004,
        -0.00019500000000000008,
        -0.00019000000000000006,
        -0.00018500000000000005,
        -0.00018000000000000004,
        -0.00017500000000000008,
        -0.00017000000000000007,
        -0.00016500000000000005,
        -0.00016000000000000004,
        -0.00015500000000000008,
        -0.00015000000000000007,
        -0.00014500000000000006,
        -0.00014000000000000004,
        -0.00013500000000000008,
        -0.00013000000000000007,
        -0.00012500000000000006,
        -0.0001200000000000001,
        -0.00011500000000000008,
        -0.00011000000000000007,
        -0.00010500000000000006,
        -0.0001
    ]
}