{
    "ro_freq": 7464000000.0,
    "ro_power": -30,
    "qu_freq": 3645000000.0,
    "qu_power": -29,
    "current": "sweeping",
    "CW_onetone": {
        "ro_freq_step": 1000000.0,
        "ro_freq_start": 7464000000.0,
        "ro_freq_stop": 7464000000.0,
        "ro_freq_npts": 1,
        "sweep": "current"
    },
    "CW_twotone": {
        "qu_freq_step": 1000000.0,
        "qu_freq_start": 3715000000.0,
        "qu_freq_stop": 3685000000.0,
        "qu_freq_npts": false,
        "sweep": "index"
    },
    "CW_twotone_sweep_ro_freq": {
        "ro_freq_step": 250000.0,
        "ro_freq_start": 7264000000.0,
        "ro_freq_stop": 7664000000.0,
        "ro_freq_npts": false,
        "sweep": false
    },
    "vna_bw": 200,
    "vna_avg": 1,
    "gs_rampstep": 1e-06,
    "gs_delay": 0.0005,
    "gs_voltage_lim": 1,
    "gs_current_range": 0.001,
    "index": false,
    "sweep_start": -0.0008,
    "sweep_stop": 0.0004,
    "sweep_npts": 51,
    "sweep_list": [
        -0.0008,
        -0.000776,
        -0.0007520000000000001,
        -0.000728,
        -0.000704,
        -0.00068,
        -0.000656,
        -0.000632,
        -0.000608,
        -0.0005840000000000001,
        -0.0005600000000000001,
        -0.000536,
        -0.0005120000000000001,
        -0.00048800000000000004,
        -0.000464,
        -0.00044,
        -0.00041600000000000003,
        -0.00039200000000000004,
        -0.00036800000000000005,
        -0.000344,
        -0.00032,
        -0.00029600000000000004,
        -0.000272,
        -0.00024800000000000007,
        -0.00022400000000000002,
        -0.00019999999999999998,
        -0.00017600000000000005,
        -0.000152,
        -0.00012799999999999997,
        -0.00010400000000000003,
        -7.999999999999999e-05,
        -5.600000000000006e-05,
        -3.200000000000002e-05,
        -7.999999999999978e-06,
        1.5999999999999955e-05,
        3.9999999999999996e-05,
        6.399999999999993e-05,
        8.799999999999997e-05,
        0.00011200000000000001,
        0.00013599999999999994,
        0.00015999999999999999,
        0.00018400000000000003,
        0.00020799999999999996,
        0.0002319999999999999,
        0.00025600000000000004,
        0.00028,
        0.0003039999999999999,
        0.00032800000000000006,
        0.000352,
        0.0003759999999999999,
        0.0004
    ]
}