{
    "ro_freq": 7464000000.0,
    "ro_power": -20,
    "qu_freq": 3645000000.0,
    "qu_power": -15,
    "current": "sweeping",
    "CW_onetone": {
        "ro_freq_step": 1000000.0,
        "ro_freq_start": 7464000000.0,
        "ro_freq_stop": 7464000000.0,
        "ro_freq_npts": 1,
        "sweep": "current"
    },
    "CW_twotone": {
        "qu_freq_step": 2000000.0,
        "qu_freq_start": 3650000000.0,
        "qu_freq_stop": 3950000000.0,
        "qu_freq_npts": 151,
        "sweep": "current"
    },
    "CW_twotone_sweep_ro_freq": {
        "ro_freq_step": 250000.0,
        "ro_freq_start": 7264000000.0,
        "ro_freq_stop": 7664000000.0,
        "ro_freq_npts": false,
        "sweep": false
    },
    "vna_bw": 200,
    "vna_avg": 1,
    "gs_rampstep": 1e-06,
    "gs_delay": 0.0005,
    "gs_voltage_lim": 1,
    "gs_current_range": 0.001,
    "index": false,
    "sweep_start": 1.5e-05,
    "sweep_stop": 3.5e-05,
    "sweep_npts": 31,
    "sweep_list": [
        1.5e-05,
        1.5666666666666667e-05,
        1.6333333333333335e-05,
        1.7e-05,
        1.7666666666666668e-05,
        1.8333333333333333e-05,
        1.9e-05,
        1.9666666666666666e-05,
        2.0333333333333334e-05,
        2.1e-05,
        2.1666666666666667e-05,
        2.2333333333333332e-05,
        2.3e-05,
        2.3666666666666668e-05,
        2.4333333333333333e-05,
        2.4999999999999998e-05,
        2.5666666666666666e-05,
        2.6333333333333334e-05,
        2.7e-05,
        2.7666666666666664e-05,
        2.8333333333333332e-05,
        2.9e-05,
        2.9666666666666665e-05,
        3.033333333333333e-05,
        3.1e-05,
        3.1666666666666666e-05,
        3.233333333333333e-05,
        3.2999999999999996e-05,
        3.366666666666667e-05,
        3.433333333333333e-05,
        3.5e-05
    ]
}