{
    "ro_freq": 7460000000.0,
    "ro_power": -35,
    "qu_freq": 3790000000.0,
    "qu_power": -15,
    "current": "sweeping",
    "CW_onetone": {
        "ro_freq_step": 1000000.0,
        "ro_freq_start": 7460000000.0,
        "ro_freq_stop": 7810000000.0,
        "ro_freq_npts": 1,
        "sweep": "current"
    },
    "CW_twotone": {
        "qu_freq_step": 500000.0,
        "qu_freq_start": 3590000000.0,
        "qu_freq_stop": 3810000000.0,
        "qu_freq_npts": 441,
        "sweep": "current"
    },
    "CW_twotone_sweep_ro_freq": {
        "ro_freq_step": 250000.0,
        "ro_freq_start": 7260000000.0,
        "ro_freq_stop": 7660000000.0,
        "ro_freq_npts": false,
        "sweep": false
    },
    "vna_bw": 50.0,
    "vna_avg": 1,
    "gs_rampstep": 1e-06,
    "gs_delay": 0.0005,
    "gs_voltage_lim": 1,
    "gs_current_range": 0.001,
    "index": false,
    "sweep_start": -0.000502,
    "sweep_stop": -0.000498,
    "sweep_npts": 101,
    "sweep_list": [
        -0.000502,
        -0.00050196,
        -0.00050192,
        -0.0005018799999999999,
        -0.0005018399999999999,
        -0.0005017999999999999,
        -0.00050176,
        -0.00050172,
        -0.0005016799999999999,
        -0.0005016399999999999,
        -0.0005015999999999999,
        -0.00050156,
        -0.00050152,
        -0.00050148,
        -0.0005014399999999999,
        -0.0005013999999999999,
        -0.00050136,
        -0.00050132,
        -0.00050128,
        -0.0005012399999999999,
        -0.0005011999999999999,
        -0.00050116,
        -0.00050112,
        -0.00050108,
        -0.0005010399999999999,
        -0.0005009999999999999,
        -0.00050096,
        -0.00050092,
        -0.00050088,
        -0.0005008399999999999,
        -0.0005007999999999999,
        -0.0005007599999999999,
        -0.00050072,
        -0.00050068,
        -0.00050064,
        -0.0005005999999999999,
        -0.0005005599999999999,
        -0.00050052,
        -0.00050048,
        -0.00050044,
        -0.0005003999999999999,
        -0.0005003599999999999,
        -0.00050032,
        -0.00050028,
        -0.00050024,
        -0.0005001999999999999,
        -0.0005001599999999999,
        -0.00050012,
        -0.00050008,
        -0.00050004,
        -0.0005,
        -0.0004999599999999999,
        -0.0004999199999999999,
        -0.00049988,
        -0.00049984,
        -0.0004998,
        -0.0004997599999999999,
        -0.0004997199999999999,
        -0.00049968,
        -0.00049964,
        -0.0004996,
        -0.0004995599999999999,
        -0.0004995199999999999,
        -0.00049948,
        -0.00049944,
        -0.0004994,
        -0.0004993599999999999,
        -0.0004993199999999999,
        -0.00049928,
        -0.00049924,
        -0.0004992,
        -0.00049916,
        -0.0004991199999999999,
        -0.0004990799999999999,
        -0.00049904,
        -0.000499,
        -0.00049896,
        -0.0004989199999999999,
        -0.0004988799999999999,
        -0.00049884,
        -0.0004988,
        -0.00049876,
        -0.0004987199999999999,
        -0.0004986799999999999,
        -0.00049864,
        -0.0004986,
        -0.00049856,
        -0.0004985199999999999,
        -0.0004984799999999999,
        -0.00049844,
        -0.0004984,
        -0.00049836,
        -0.00049832,
        -0.0004982799999999999,
        -0.00049824,
        -0.0004982,
        -0.00049816,
        -0.00049812,
        -0.0004980799999999999,
        -0.0004980399999999999,
        -0.000498
    ]
}