{
    "ro_freq": 7459000000.0,
    "ro_power": -30,
    "qu_freq": 3645000000.0,
    "qu_power": -15,
    "current": "sweeping",
    "CW_onetone": {
        "ro_freq_step": 2000000.0,
        "ro_freq_start": 7459000000.0,
        "ro_freq_stop": 7459000000.0,
        "ro_freq_npts": 1,
        "sweep": "current"
    },
    "CW_twotone": {
        "qu_freq_step": 500000.0,
        "qu_freq_start": 3600000000.0,
        "qu_freq_stop": 3800000000.0,
        "qu_freq_npts": false,
        "sweep": false
    },
    "CW_twotone_sweep_ro_freq": {
        "ro_freq_step": 250000.0,
        "ro_freq_start": 7259000000.0,
        "ro_freq_stop": 7659000000.0,
        "ro_freq_npts": false,
        "sweep": false
    },
    "vna_bw": 200,
    "vna_avg": 1,
    "gs_rampstep": 1e-06,
    "gs_delay": 0.0005,
    "gs_voltage_lim": 1,
    "gs_current_range": 0.001,
    "index": false,
    "sweep_start": -0.0006,
    "sweep_stop": 0.0001,
    "sweep_npts": 301,
    "sweep_list": [
        -0.0006,
        -0.0005976666666666666,
        -0.0005953333333333332,
        -0.000593,
        -0.0005906666666666666,
        -0.0005883333333333333,
        -0.0005859999999999999,
        -0.0005836666666666666,
        -0.0005813333333333333,
        -0.000579,
        -0.0005766666666666666,
        -0.0005743333333333333,
        -0.0005719999999999999,
        -0.0005696666666666667,
        -0.0005673333333333333,
        -0.000565,
        -0.0005626666666666666,
        -0.0005603333333333333,
        -0.0005579999999999999,
        -0.0005556666666666667,
        -0.0005533333333333333,
        -0.000551,
        -0.0005486666666666666,
        -0.0005463333333333332,
        -0.000544,
        -0.0005416666666666666,
        -0.0005393333333333333,
        -0.0005369999999999999,
        -0.0005346666666666666,
        -0.0005323333333333332,
        -0.00053,
        -0.0005276666666666666,
        -0.0005253333333333333,
        -0.0005229999999999999,
        -0.0005206666666666667,
        -0.0005183333333333333,
        -0.000516,
        -0.0005136666666666666,
        -0.0005113333333333333,
        -0.0005089999999999999,
        -0.0005066666666666667,
        -0.0005043333333333333,
        -0.000502,
        -0.0004996666666666666,
        -0.0004973333333333332,
        -0.000495,
        -0.0004926666666666666,
        -0.0004903333333333333,
        -0.00048799999999999994,
        -0.00048566666666666664,
        -0.0004833333333333333,
        -0.000481,
        -0.00047866666666666663,
        -0.0004763333333333333,
        -0.0004739999999999999,
        -0.0004716666666666666,
        -0.0004693333333333333,
        -0.00046699999999999997,
        -0.0004646666666666666,
        -0.00046233333333333326,
        -0.00045999999999999996,
        -0.00045766666666666666,
        -0.0004553333333333333,
        -0.00045299999999999995,
        -0.0004506666666666666,
        -0.0004483333333333333,
        -0.000446,
        -0.00044366666666666664,
        -0.0004413333333333333,
        -0.00043899999999999994,
        -0.00043666666666666664,
        -0.0004343333333333333,
        -0.000432,
        -0.00042966666666666663,
        -0.0004273333333333333,
        -0.0004249999999999999,
        -0.0004226666666666666,
        -0.0004203333333333333,
        -0.00041799999999999997,
        -0.0004156666666666666,
        -0.00041333333333333326,
        -0.00041099999999999996,
        -0.00040866666666666666,
        -0.0004063333333333333,
        -0.00040399999999999995,
        -0.0004016666666666666,
        -0.0003993333333333333,
        -0.000397,
        -0.00039466666666666665,
        -0.0003923333333333333,
        -0.00038999999999999994,
        -0.00038766666666666664,
        -0.0003853333333333333,
        -0.000383,
        -0.00038066666666666663,
        -0.0003783333333333333,
        -0.000376,
        -0.0003736666666666666,
        -0.0003713333333333333,
        -0.00036899999999999997,
        -0.0003666666666666666,
        -0.00036433333333333326,
        -0.00036199999999999996,
        -0.00035966666666666666,
        -0.0003573333333333333,
        -0.00035499999999999996,
        -0.00035266666666666666,
        -0.0003503333333333333,
        -0.00034799999999999995,
        -0.00034566666666666665,
        -0.0003433333333333333,
        -0.00034099999999999994,
        -0.00033866666666666664,
        -0.0003363333333333333,
        -0.000334,
        -0.00033166666666666663,
        -0.0003293333333333333,
        -0.000327,
        -0.0003246666666666666,
        -0.0003223333333333333,
        -0.00031999999999999997,
        -0.0003176666666666666,
        -0.0003153333333333333,
        -0.00031299999999999996,
        -0.0003106666666666666,
        -0.0003083333333333333,
        -0.00030599999999999996,
        -0.00030366666666666666,
        -0.0003013333333333333,
        -0.00029899999999999995,
        -0.00029666666666666665,
        -0.0002943333333333333,
        -0.000292,
        -0.00028966666666666664,
        -0.0002873333333333333,
        -0.000285,
        -0.00028266666666666663,
        -0.0002803333333333333,
        -0.000278,
        -0.00027566666666666663,
        -0.00027333333333333333,
        -0.000271,
        -0.0002686666666666666,
        -0.0002663333333333333,
        -0.00026399999999999997,
        -0.00026166666666666667,
        -0.0002593333333333333,
        -0.00025699999999999996,
        -0.00025466666666666666,
        -0.0002523333333333333,
        -0.00024999999999999995,
        -0.00024766666666666665,
        -0.0002453333333333333,
        -0.000243,
        -0.00024066666666666664,
        -0.0002383333333333333,
        -0.000236,
        -0.00023366666666666664,
        -0.00023133333333333328,
        -0.00022899999999999998,
        -0.00022666666666666663,
        -0.00022433333333333333,
        -0.00022199999999999998,
        -0.00021966666666666662,
        -0.00021733333333333332,
        -0.00021499999999999997,
        -0.00021266666666666667,
        -0.00021033333333333331,
        -0.00020799999999999996,
        -0.00020566666666666666,
        -0.0002033333333333333,
        -0.00020099999999999995,
        -0.00019866666666666665,
        -0.0001963333333333333,
        -0.000194,
        -0.00019166666666666665,
        -0.0001893333333333333,
        -0.000187,
        -0.00018466666666666664,
        -0.00018233333333333334,
        -0.00017999999999999998,
        -0.00017766666666666663,
        -0.00017533333333333333,
        -0.00017299999999999998,
        -0.00017066666666666662,
        -0.00016833333333333332,
        -0.00016599999999999997,
        -0.00016366666666666667,
        -0.00016133333333333332,
        -0.00015899999999999996,
        -0.00015666666666666666,
        -0.0001543333333333333,
        -0.000152,
        -0.00014966666666666665,
        -0.0001473333333333333,
        -0.000145,
        -0.00014266666666666665,
        -0.0001403333333333333,
        -0.000138,
        -0.00013566666666666664,
        -0.00013333333333333334,
        -0.00013099999999999999,
        -0.00012866666666666663,
        -0.00012633333333333333,
        -0.00012399999999999998,
        -0.00012166666666666662,
        -0.00011933333333333332,
        -0.00011699999999999997,
        -0.00011466666666666667,
        -0.00011233333333333332,
        -0.00010999999999999996,
        -0.00010766666666666661,
        -0.00010533333333333336,
        -0.00010300000000000001,
        -0.00010066666666666666,
        -9.83333333333333e-05,
        -9.599999999999995e-05,
        -9.36666666666667e-05,
        -9.133333333333335e-05,
        -8.9e-05,
        -8.666666666666664e-05,
        -8.433333333333329e-05,
        -8.199999999999993e-05,
        -7.966666666666669e-05,
        -7.733333333333333e-05,
        -7.499999999999998e-05,
        -7.266666666666663e-05,
        -7.033333333333327e-05,
