{
    "ro_freq": 7460000000.0,
    "ro_power": -35,
    "qu_freq": 3790000000.0,
    "qu_power": -15,
    "current": "sweeping",
    "CW_onetone": {
        "ro_freq_step": 1000000.0,
        "ro_freq_start": 7460000000.0,
        "ro_freq_stop": 7810000000.0,
        "ro_freq_npts": 1,
        "sweep": "current"
    },
    "CW_twotone": {
        "qu_freq_step": 50000000.0,
        "qu_freq_start": 2790000000.0,
        "qu_freq_stop": 3810000000.0,
        "qu_freq_npts": 21,
        "sweep": "current"
    },
    "CW_twotone_sweep_ro_freq": {
        "ro_freq_step": 250000.0,
        "ro_freq_start": 7260000000.0,
        "ro_freq_stop": 7660000000.0,
        "ro_freq_npts": false,
        "sweep": false
    },
    "vna_bw": 50.0,
    "vna_avg": 1,
    "gs_rampstep": 1e-06,
    "gs_delay": 0.0005,
    "gs_voltage_lim": 1,
    "gs_current_range": 0.001,
    "index": false,
    "sweep_start": -0.000506,
    "sweep_stop": -0.000215,
    "sweep_npts": 101,
    "sweep_list": [
        -0.000506,
        -0.0005030900000000001,
        -0.00050018,
        -0.0004972700000000001,
        -0.00049436,
        -0.00049145,
        -0.0004885400000000001,
        -0.00048563,
        -0.00048272000000000007,
        -0.00047981000000000006,
        -0.00047690000000000005,
        -0.00047399000000000003,
        -0.00047108,
        -0.00046817000000000007,
        -0.00046526000000000006,
        -0.00046235000000000004,
        -0.00045944000000000003,
        -0.00045653,
        -0.00045362000000000006,
        -0.00045071000000000005,
        -0.00044780000000000004,
        -0.00044489000000000003,
        -0.00044198,
        -0.00043907000000000006,
        -0.00043616000000000005,
        -0.00043325000000000004,
        -0.00043034000000000003,
        -0.00042743,
        -0.00042452000000000006,
        -0.00042161000000000005,
        -0.00041870000000000004,
        -0.00041579000000000003,
        -0.00041288,
        -0.00040997000000000006,
        -0.00040706000000000005,
        -0.00040415000000000004,
        -0.00040124000000000003,
        -0.00039833,
        -0.00039542000000000006,
        -0.00039251000000000005,
        -0.00038960000000000004,
        -0.00038669,
        -0.00038378,
        -0.00038087000000000006,
        -0.00037796000000000005,
        -0.00037505000000000004,
        -0.0003721400000000001,
        -0.00036923,
        -0.00036632000000000006,
        -0.00036341000000000005,
        -0.00036050000000000003,
        -0.0003575900000000001,
        -0.00035468,
        -0.00035177000000000006,
        -0.00034886000000000004,
        -0.00034595000000000003,
        -0.0003430400000000001,
        -0.00034013,
        -0.00033722000000000005,
        -0.00033431000000000004,
        -0.00033140000000000003,
        -0.0003284900000000001,
        -0.00032558,
        -0.00032267000000000005,
        -0.00031976000000000004,
        -0.00031685000000000003,
        -0.0003139400000000001,
        -0.00031103,
        -0.00030812000000000005,
        -0.00030521000000000004,
        -0.00030230000000000003,
        -0.00029939000000000007,
        -0.00029648,
        -0.00029357000000000005,
        -0.00029066000000000004,
        -0.00028775000000000003,
        -0.00028484000000000007,
        -0.00028193,
        -0.00027902000000000005,
        -0.00027611000000000004,
        -0.0002732,
        -0.00027029000000000007,
        -0.00026738,
        -0.00026447000000000005,
        -0.00026156000000000004,
        -0.00025865,
        -0.00025574,
        -0.00025283000000000006,
        -0.00024992000000000005,
        -0.00024701000000000004,
        -0.00024410000000000002,
        -0.00024119,
        -0.00023828000000000006,
        -0.00023537000000000005,
        -0.00023246000000000003,
        -0.00022955000000000002,
        -0.00022664000000000007,
        -0.00022373000000000006,
        -0.00022082000000000004,
        -0.00021791000000000003,
        -0.000215
    ]
}