{
    "ro_freq": 7464000000.0,
    "ro_power": -30,
    "qu_freq": 3645000000.0,
    "qu_power": -29,
    "current": "sweeping",
    "CW_onetone": {
        "ro_freq_step": 1000000.0,
        "ro_freq_start": 7464000000.0,
        "ro_freq_stop": 7464000000.0,
        "ro_freq_npts": 1,
        "sweep": "current"
    },
    "CW_twotone": {
        "qu_freq_step": 1000000.0,
        "qu_freq_start": 3650000000.0,
        "qu_freq_stop": 3950000000.0,
        "qu_freq_npts": 301,
        "sweep": "current"
    },
    "CW_twotone_sweep_ro_freq": {
        "ro_freq_step": 250000.0,
        "ro_freq_start": 7264000000.0,
        "ro_freq_stop": 7664000000.0,
        "ro_freq_npts": false,
        "sweep": false
    },
    "vna_bw": 50,
    "vna_avg": 1,
    "gs_rampstep": 1e-06,
    "gs_delay": 0.0005,
    "gs_voltage_lim": 1,
    "gs_current_range": 0.001,
    "index": false,
    "sweep_start": -0.000546,
    "sweep_stop": -0.00053,
    "sweep_npts": 403,
    "sweep_list": [
        -0.000546,
        -0.0005459601990049752,
        -0.0005459203980099503,
        -0.0005458805970149255,
        -0.0005458407960199005,
        -0.0005458009950248757,
        -0.0005457611940298507,
        -0.0005457213930348259,
        -0.0005456815920398011,
        -0.0005456417910447762,
        -0.0005456019900497513,
        -0.0005455621890547264,
        -0.0005455223880597016,
        -0.0005454825870646766,
        -0.0005454427860696518,
        -0.0005454029850746269,
        -0.000545363184079602,
        -0.0005453233830845772,
        -0.0005452835820895523,
        -0.0005452437810945274,
        -0.0005452039800995025,
        -0.0005451641791044777,
        -0.0005451243781094527,
        -0.0005450845771144279,
        -0.0005450447761194031,
        -0.0005450049751243781,
        -0.0005449651741293533,
        -0.0005449253731343284,
        -0.0005448855721393035,
        -0.0005448457711442786,
        -0.0005448059701492538,
        -0.000544766169154229,
        -0.000544726368159204,
        -0.0005446865671641792,
        -0.0005446467661691542,
        -0.0005446069651741294,
        -0.0005445671641791045,
        -0.0005445273631840797,
        -0.0005444875621890547,
        -0.0005444477611940299,
        -0.0005444079601990051,
        -0.0005443681592039801,
        -0.0005443283582089553,
        -0.0005442885572139304,
        -0.0005442487562189055,
        -0.0005442089552238806,
        -0.0005441691542288558,
        -0.0005441293532338309,
        -0.000544089552238806,
        -0.0005440497512437812,
        -0.0005440099502487562,
        -0.0005439701492537314,
        -0.0005439303482587065,
        -0.0005438905472636816,
        -0.0005438507462686567,
        -0.0005438109452736319,
        -0.000543771144278607,
        -0.0005437313432835821,
        -0.0005436915422885573,
        -0.0005436517412935323,
        -0.0005436119402985075,
        -0.0005435721393034826,
        -0.0005435323383084577,
        -0.0005434925373134329,
        -0.000543452736318408,
        -0.0005434129353233832,
        -0.0005433731343283582,
        -0.0005433333333333334,
        -0.0005432935323383084,
        -0.0005432537313432836,
        -0.0005432139303482588,
        -0.0005431741293532339,
        -0.000543134328358209,
        -0.0005430945273631841,
        -0.0005430547263681593,
        -0.0005430149253731343,
        -0.0005429751243781095,
        -0.0005429353233830846,
        -0.0005428955223880597,
        -0.0005428557213930349,
        -0.00054281592039801,
        -0.0005427761194029851,
        -0.0005427363184079602,
        -0.0005426965174129354,
        -0.0005426567164179104,
        -0.0005426169154228856,
        -0.0005425771144278608,
        -0.0005425373134328358,
        -0.000542497512437811,
        -0.0005424577114427861,
        -0.0005424179104477612,
        -0.0005423781094527363,
        -0.0005423383084577115,
        -0.0005422985074626866,
        -0.0005422587064676617,
        -0.0005422189054726369,
        -0.000542179104477612,
        -0.0005421393034825871,
        -0.0005420995024875622,
        -0.0005420597014925374,
        -0.0005420199004975124,
        -0.0005419800995024876,
        -0.0005419402985074628,
        -0.0005419004975124378,
        -0.000541860696517413,
        -0.0005418208955223881,
        -0.0005417810945273632,
        -0.0005417412935323383,
        -0.0005417014925373135,
        -0.0005416616915422886,
        -0.0005416218905472637,
        -0.0005415820895522389,
        -0.0005415422885572139,
        -0.0005415024875621891,
        -0.0005414626865671642,
        -0.0005414228855721393,
        -0.0005413830845771145,
        -0.0005413432835820896,
        -0.0005413034825870647,
        -0.0005412636815920398,
        -0.000541223880597015,
        -0.00054118407960199,
        -0.0005411442786069652,
        -0.0005411044776119403,
        -0.0005410646766169154,
        -0.0005410248756218906,
        -0.0005409850746268657,
        -0.0005409452736318409,
        -0.0005409054726368159,
        -0.0005408656716417911,
        -0.0005408258706467661,
        -0.0005407860696517413,
        -0.0005407462686567165,
        -0.0005407064676616916,
        -0.0005406666666666667,
        -0.0005406268656716418,
        -0.000540587064676617,
        -0.000540547263681592,
        -0.0005405074626865672,
        -0.0005404676616915423,
        -0.0005404278606965174,
        -0.0005403880597014926,
        -0.0005403482587064677,
        -0.0005403084577114428,
        -0.0005402686567164179,
        -0.0005402288557213931,
        -0.0005401890547263681,
        -0.0005401492537313433,
        -0.0005401094527363185,
        -0.0005400696517412935,
        -0.0005400298507462687,
        -0.0005399900497512438,
        -0.0005399502487562189,
        -0.000539910447761194,
        -0.0005398706467661692,
        -0.0005398308457711443,
        -0.0005397910447761194,
        -0.0005397512437810946,
        -0.0005397114427860696,
        -0.0005396716417910448,
        -0.0005396318407960199,
        -0.000539592039800995,
        -0.0005395522388059701,
        -0.0005395124378109453,
        -0.0005394726368159205,
        -0.0005394328358208955,
        -0.0005393930348258707,
        -0.0005393532338308458,
        -0.0005393134328358209,
        -0.000539273631840796,
        -0.0005392338308457712,
        -0.0005391940298507463,
        -0.0005391542288557214,
        -0.0005391144278606966,
        -0.0005390746268656716,
        -0.0005390348258706468,
        -0.0005389950248756219,
        -0.000538955223880597,
        -0.0005389154228855722,
        -0.0005388756218905473,
        -0.0005388358208955224,
        -0.0005387960199004975,
        -0.0005387562189054727,
        -0.0005387164179104477,
        -0.0005386766169154229,
        -0.000538636815920398,
        -0.0005385970149253731,
        -0.0005385572139303483,
        -0.0005385174129353234,
        -0.0005384776119402986,
        -0.0005384378109452736,
        -0.0005383980099502488,
        -0.0005383582089552238,
        -0.000538318407960199,
        -0.0005382786069651742,
        -0.0005382388059701493,
        -0.0005381990049751244,
        -0.0005381592039800995,
        -0.0005381194029850747,
        -0.0005380796019900497,
        -0.0005380398009950249,
        -0.0005380000000000001,
        -0.0005379601990049751,
        -0.0005379203980099503,
        -0.0005378805970149254,
        -0.0005378407960199005,
        -0.0005378009950248756,
        -0.0005377611940298508,
        -0.0005377213930348258,
        -0.000537681592039801,
        -0.0005376417910447762,
        -0.0005376019900497512,
        -0.0005375621890547264,
        -0.0005375223880597015,
        -0.0005374825870646766,
        -0.0005374427860696517,
        -0.0005374029850746269,
        -0.000537363184079602,
        -0.0005373233830845771,
        -0.0005372835820895523,
