{
    "ro_freq": 7464000000.0,
    "ro_power": -30,
    "qu_freq": 3645000000.0,
    "qu_power": -29,
    "current": "sweeping",
    "CW_onetone": {
        "ro_freq_step": 1000000.0,
        "ro_freq_start": 7464000000.0,
        "ro_freq_stop": 7464000000.0,
        "ro_freq_npts": 1,
        "sweep": "current"
    },
    "CW_twotone": {
        "qu_freq_step": 1000000.0,
        "qu_freq_start": 3650000000.0,
        "qu_freq_stop": 3950000000.0,
        "qu_freq_npts": 301,
        "sweep": "current"
    },
    "CW_twotone_sweep_ro_freq": {
        "ro_freq_step": 250000.0,
        "ro_freq_start": 7264000000.0,
        "ro_freq_stop": 7664000000.0,
        "ro_freq_npts": false,
        "sweep": false
    },
    "vna_bw": 200,
    "vna_avg": 1,
    "gs_rampstep": 1e-06,
    "gs_delay": 0.0005,
    "gs_voltage_lim": 1,
    "gs_current_range": 0.001,
    "index": false,
    "sweep_start": -0.00056,
    "sweep_stop": -0.00054,
    "sweep_npts": 51,
    "sweep_list": [
        -0.00056,
        -0.0005595999999999999,
        -0.0005591999999999999,
        -0.0005587999999999999,
        -0.0005583999999999999,
        -0.0005579999999999999,
        -0.0005576,
        -0.0005572,
        -0.0005568,
        -0.0005564,
        -0.000556,
        -0.0005556,
        -0.0005551999999999999,
        -0.0005547999999999999,
        -0.0005543999999999999,
        -0.000554,
        -0.0005536,
        -0.0005532,
        -0.0005528,
        -0.0005524,
        -0.000552,
        -0.0005516,
        -0.0005512,
        -0.0005507999999999999,
        -0.0005503999999999999,
        -0.0005499999999999999,
        -0.0005496,
        -0.0005492,
        -0.0005488,
        -0.0005484,
        -0.000548,
        -0.0005476,
        -0.0005472,
        -0.0005468,
        -0.0005463999999999999,
        -0.000546,
        -0.0005456,
        -0.0005452,
        -0.0005448,
        -0.0005444,
        -0.000544,
        -0.0005436,
        -0.0005432,
        -0.0005428,
        -0.0005424,
        -0.000542,
        -0.0005416,
        -0.0005412,
        -0.0005408,
        -0.0005404,
        -0.00054
    ]
}