{
    "ro_freq": 7464000000.0,
    "ro_power": -30,
    "qu_freq": 3645000000.0,
    "qu_power": -29,
    "current": "sweeping",
    "CW_onetone": {
        "ro_freq_step": 1000000.0,
        "ro_freq_start": 7464000000.0,
        "ro_freq_stop": 7464000000.0,
        "ro_freq_npts": 1,
        "sweep": "current"
    },
    "CW_twotone": {
        "qu_freq_step": 1000000.0,
        "qu_freq_start": 3800000000.0,
        "qu_freq_stop": 3560000000.0,
        "qu_freq_npts": false,
        "sweep": "index"
    },
    "CW_twotone_sweep_ro_freq": {
        "ro_freq_step": 250000.0,
        "ro_freq_start": 7264000000.0,
        "ro_freq_stop": 7664000000.0,
        "ro_freq_npts": false,
        "sweep": false
    },
    "vna_bw": 500,
    "vna_avg": 1,
    "gs_rampstep": 1e-06,
    "gs_delay": 0.0005,
    "gs_voltage_lim": 1,
    "gs_current_range": 0.001,
    "index": false,
    "sweep_start": -0.0005594,
    "sweep_stop": -0.0001574,
    "sweep_npts": 403,
    "sweep_list": [
        -0.0005594,
        -0.0005584,
        -0.0005574,
        -0.0005564000000000001,
        -0.0005554000000000001,
        -0.0005544,
        -0.0005534,
        -0.0005524000000000001,
        -0.0005514000000000001,
        -0.0005504,
        -0.0005494,
        -0.0005484,
        -0.0005474000000000001,
        -0.0005464,
        -0.0005454,
        -0.0005444,
        -0.0005434000000000001,
        -0.0005424000000000001,
        -0.0005414,
        -0.0005404,
        -0.0005394,
        -0.0005384000000000001,
        -0.0005374,
        -0.0005364,
        -0.0005354,
        -0.0005344000000000001,
        -0.0005334000000000001,
        -0.0005324,
        -0.0005314,
        -0.0005304000000000001,
        -0.0005294000000000001,
        -0.0005284,
        -0.0005274,
        -0.0005264,
        -0.0005254000000000001,
        -0.0005244000000000001,
        -0.0005234,
        -0.0005224,
        -0.0005214000000000001,
        -0.0005204000000000001,
        -0.0005194,
        -0.0005184,
        -0.0005174,
        -0.0005164000000000001,
        -0.0005154000000000001,
        -0.0005144,
        -0.0005134,
        -0.0005124000000000001,
        -0.0005114000000000001,
        -0.0005104,
        -0.0005094,
        -0.0005084,
        -0.0005074000000000001,
        -0.0005064000000000001,
        -0.0005054,
        -0.0005044,
        -0.0005034000000000001,
        -0.0005024000000000001,
        -0.0005014,
        -0.0005004,
        -0.0004994000000000001,
        -0.0004984000000000001,
        -0.0004974000000000001,
        -0.0004964,
        -0.0004954,
        -0.0004944000000000001,
        -0.0004934000000000001,
        -0.0004924,
        -0.0004914,
        -0.0004904,
        -0.0004894000000000001,
        -0.0004884,
        -0.00048740000000000003,
        -0.00048640000000000006,
        -0.00048540000000000003,
        -0.00048440000000000006,
        -0.00048340000000000004,
        -0.0004824,
        -0.00048140000000000005,
        -0.0004804000000000001,
        -0.00047940000000000005,
        -0.00047840000000000003,
        -0.00047740000000000006,
        -0.00047640000000000003,
        -0.00047540000000000006,
        -0.00047440000000000004,
        -0.00047340000000000007,
        -0.00047240000000000004,
        -0.0004714000000000001,
        -0.00047040000000000005,
        -0.0004694,
        -0.00046840000000000006,
        -0.00046740000000000003,
        -0.00046640000000000006,
        -0.00046540000000000004,
        -0.00046440000000000007,
        -0.00046340000000000004,
        -0.00046240000000000007,
        -0.00046140000000000005,
        -0.0004604,
        -0.00045940000000000005,
        -0.00045840000000000003,
        -0.00045740000000000006,
        -0.00045640000000000003,
        -0.00045540000000000006,
        -0.00045440000000000004,
        -0.00045340000000000007,
        -0.00045240000000000005,
        -0.0004514,
        -0.00045040000000000005,
        -0.0004494000000000001,
        -0.00044840000000000006,
        -0.00044740000000000003,
        -0.00044640000000000006,
        -0.00044540000000000004,
        -0.00044440000000000007,
        -0.00044340000000000004,
        -0.0004424,
        -0.00044140000000000005,
        -0.0004404000000000001,
        -0.00043940000000000006,
        -0.00043840000000000003,
        -0.00043740000000000006,
        -0.0004364000000000001,
        -0.00043540000000000007,
        -0.00043440000000000004,
        -0.0004334,
        -0.00043240000000000005,
        -0.0004314000000000001,
        -0.00043040000000000005,
        -0.00042940000000000003,
        -0.00042840000000000006,
        -0.0004274000000000001,
        -0.00042640000000000006,
        -0.00042540000000000004,
        -0.0004244,
        -0.00042340000000000005,
        -0.0004224000000000001,
        -0.00042140000000000005,
        -0.00042040000000000003,
        -0.00041940000000000006,
        -0.0004184000000000001,
        -0.00041740000000000006,
        -0.00041640000000000004,
        -0.0004154,
        -0.00041440000000000004,
        -0.0004134000000000001,
        -0.00041240000000000005,
        -0.0004114,
        -0.00041040000000000006,
        -0.0004094000000000001,
        -0.00040840000000000006,
        -0.00040740000000000004,
        -0.0004064,
        -0.00040540000000000004,
        -0.00040440000000000007,
        -0.00040340000000000005,
        -0.0004024,
        -0.00040140000000000005,
        -0.0004004000000000001,
        -0.00039940000000000006,
        -0.00039840000000000003,
        -0.00039740000000000006,
        -0.00039640000000000004,
        -0.00039540000000000007,
        -0.00039440000000000005,
        -0.0003934,
        -0.00039240000000000005,
        -0.0003914000000000001,
        -0.00039040000000000006,
        -0.00038940000000000003,
        -0.00038840000000000006,
        -0.0003874000000000001,
        -0.00038640000000000007,
        -0.00038540000000000004,
        -0.0003844,
        -0.00038340000000000005,
        -0.0003824000000000001,
        -0.00038140000000000005,
        -0.00038040000000000003,
        -0.00037940000000000006,
        -0.0003784000000000001,
        -0.00037740000000000007,
        -0.00037640000000000004,
        -0.0003754,
        -0.00037440000000000005,
        -0.0003734000000000001,
        -0.00037240000000000005,
        -0.00037140000000000003,
        -0.00037040000000000006,
        -0.0003694000000000001,
        -0.00036840000000000006,
        -0.00036740000000000004,
        -0.0003664,
        -0.00036540000000000005,
        -0.0003644000000000001,
        -0.00036340000000000005,
        -0.0003624,
        -0.00036140000000000006,
        -0.0003604000000000001,
        -0.00035940000000000006,
        -0.00035840000000000004,
        -0.0003574,
        -0.00035640000000000004,
        -0.0003554000000000001,
        -0.00035440000000000005,
        -0.0003534,
        -0.00035240000000000005,
        -0.0003514000000000001,
        -0.00035040000000000006,
        -0.00034940000000000004,
        -0.00034840000000000007,
        -0.00034740000000000004,
        -0.00034640000000000007,
        -0.00034540000000000005,
        -0.0003444,
        -0.00034340000000000005,
        -0.0003424000000000001,
        -0.00034140000000000006,
        -0.00034040000000000003,
        -0.00033940000000000006,
        -0.0003384000000000001,
        -0.00033740000000000007,
        -0.00033640000000000005,
        -0.0003354,
        -0.00033440000000000005,
        -0.0003334000000000001,
        -0.00033240000000000006,
        -0.00033140000000000003,
        -0.00033040000000000006,
        -0.0003294000000000001,
        -0.00032840000000000007,
        -0.00032740000000000004,
        -0.0003264,
        -0.00032540000000000005,
        -0.0003244000000000001,
        -0.00032340000000000005,
        -0.00032240000000000003,
