{
    "ro_freq": 7460000000.0,
    "ro_power": -35,
    "qu_freq": 3790000000.0,
    "qu_power": -15,
    "current": "sweeping",
    "CW_onetone": {
        "ro_freq_step": 1000000.0,
        "ro_freq_start": 7460000000.0,
        "ro_freq_stop": 7810000000.0,
        "ro_freq_npts": 1,
        "sweep": "current"
    },
    "CW_twotone": {
        "qu_freq_step": 5000000.0,
        "qu_freq_start": 3590000000.0,
        "qu_freq_stop": 3810000000.0,
        "qu_freq_npts": 45,
        "sweep": "current"
    },
    "CW_twotone_sweep_ro_freq": {
        "ro_freq_step": 250000.0,
        "ro_freq_start": 7260000000.0,
        "ro_freq_stop": 7660000000.0,
        "ro_freq_npts": false,
        "sweep": false
    },
    "vna_bw": 50.0,
    "vna_avg": 1,
    "gs_rampstep": 1e-06,
    "gs_delay": 0.0005,
    "gs_voltage_lim": 1,
    "gs_current_range": 0.001,
    "index": false,
    "sweep_start": -0.000506,
    "sweep_stop": -0.000406,
    "sweep_npts": 101,
    "sweep_list": [
        -0.000506,
        -0.000505,
        -0.000504,
        -0.0005030000000000001,
        -0.0005020000000000001,
        -0.000501,
        -0.0005,
        -0.0004990000000000001,
        -0.0004980000000000001,
        -0.000497,
        -0.000496,
        -0.000495,
        -0.0004940000000000001,
        -0.0004930000000000001,
        -0.000492,
        -0.000491,
        -0.0004900000000000001,
        -0.0004890000000000001,
        -0.00048800000000000004,
        -0.000487,
        -0.00048600000000000005,
        -0.000485,
        -0.00048400000000000006,
        -0.00048300000000000003,
        -0.00048200000000000006,
        -0.00048100000000000004,
        -0.00048000000000000007,
        -0.00047900000000000004,
        -0.000478,
        -0.00047700000000000005,
        -0.000476,
        -0.00047500000000000005,
        -0.00047400000000000003,
        -0.00047300000000000006,
        -0.00047200000000000003,
        -0.00047100000000000006,
        -0.00047000000000000004,
        -0.000469,
        -0.00046800000000000005,
        -0.000467,
        -0.00046600000000000005,
        -0.000465,
        -0.000464,
        -0.00046300000000000003,
        -0.000462,
        -0.00046100000000000004,
        -0.00046,
        -0.00045900000000000004,
        -0.000458,
        -0.00045700000000000005,
        -0.000456,
        -0.000455,
        -0.00045400000000000003,
        -0.000453,
        -0.00045200000000000004,
        -0.000451,
        -0.00045000000000000004,
        -0.000449,
        -0.00044800000000000005,
        -0.000447,
        -0.000446,
        -0.00044500000000000003,
        -0.000444,
        -0.00044300000000000003,
        -0.000442,
        -0.00044100000000000004,
        -0.00044,
        -0.00043900000000000005,
        -0.000438,
        -0.000437,
        -0.000436,
        -0.000435,
        -0.00043400000000000003,
        -0.000433,
        -0.00043200000000000004,
        -0.000431,
        -0.00043000000000000004,
        -0.000429,
        -0.000428,
        -0.000427,
        -0.000426,
        -0.00042500000000000003,
        -0.000424,
        -0.00042300000000000004,
        -0.000422,
        -0.00042100000000000004,
        -0.00042,
        -0.000419,
        -0.000418,
        -0.000417,
        -0.00041600000000000003,
        -0.000415,
        -0.000414,
        -0.000413,
        -0.00041200000000000004,
        -0.000411,
        -0.00041,
        -0.000409,
        -0.000408,
        -0.000407,
        -0.000406
    ]
}