{
    "ro_freq": 7464000000.0,
    "ro_power": -30,
    "qu_freq": 3645000000.0,
    "qu_power": -29,
    "current": "sweeping",
    "CW_onetone": {
        "ro_freq_step": 1000000.0,
        "ro_freq_start": 7464000000.0,
        "ro_freq_stop": 7464000000.0,
        "ro_freq_npts": 1,
        "sweep": "current"
    },
    "CW_twotone": {
        "qu_freq_step": 2000000.0,
        "qu_freq_start": 3650000000.0,
        "qu_freq_stop": 3950000000.0,
        "qu_freq_npts": 151,
        "sweep": "current"
    },
    "CW_twotone_sweep_ro_freq": {
        "ro_freq_step": 250000.0,
        "ro_freq_start": 7264000000.0,
        "ro_freq_stop": 7664000000.0,
        "ro_freq_npts": false,
        "sweep": false
    },
    "vna_bw": 50,
    "vna_avg": 1,
    "gs_rampstep": 1e-06,
    "gs_delay": 0.0005,
    "gs_voltage_lim": 1,
    "gs_current_range": 0.001,
    "index": false,
    "sweep_start": -0.000546,
    "sweep_stop": -0.000532,
    "sweep_npts": 51,
    "sweep_list": [
        -0.000546,
        -0.0005457200000000001,
        -0.00054544,
        -0.00054516,
        -0.0005448800000000001,
        -0.0005446,
        -0.00054432,
        -0.0005440400000000001,
        -0.00054376,
        -0.00054348,
        -0.0005432000000000001,
        -0.00054292,
        -0.00054264,
        -0.0005423600000000001,
        -0.00054208,
        -0.0005418,
        -0.0005415200000000001,
        -0.00054124,
        -0.00054096,
        -0.0005406800000000001,
        -0.0005404,
        -0.00054012,
        -0.0005398400000000001,
        -0.00053956,
        -0.0005392800000000001,
        -0.000539,
        -0.00053872,
        -0.0005384400000000001,
        -0.00053816,
        -0.00053788,
        -0.0005376000000000001,
        -0.00053732,
        -0.00053704,
        -0.0005367600000000001,
        -0.00053648,
        -0.0005362,
        -0.0005359200000000001,
        -0.00053564,
        -0.00053536,
        -0.0005350800000000001,
        -0.0005348,
        -0.00053452,
        -0.0005342400000000001,
        -0.00053396,
        -0.00053368,
        -0.0005334000000000001,
        -0.00053312,
        -0.00053284,
        -0.0005325600000000001,
        -0.00053228,
        -0.000532
    ]
}