{
    "ro_freq": 7459000000.0,
    "ro_power": -30,
    "qu_freq": 3645000000.0,
    "qu_power": -15,
    "current": "sweeping",
    "CW_onetone": {
        "ro_freq_step": 2000000.0,
        "ro_freq_start": 7459000000.0,
        "ro_freq_stop": 7459000000.0,
        "ro_freq_npts": 1,
        "sweep": "current"
    },
    "CW_twotone": {
        "qu_freq_step": 1000000.0,
        "qu_freq_start": 3650000000.0,
        "qu_freq_stop": 3950000000.0,
        "qu_freq_npts": 301,
        "sweep": "current"
    },
    "CW_twotone_sweep_ro_freq": {
        "ro_freq_step": 250000.0,
        "ro_freq_start": 7259000000.0,
        "ro_freq_stop": 7659000000.0,
        "ro_freq_npts": false,
        "sweep": false
    },
    "vna_bw": 200,
    "vna_avg": 1,
    "gs_rampstep": 1e-06,
    "gs_delay": 0.0005,
    "gs_voltage_lim": 1,
    "gs_current_range": 0.001,
    "index": false,
    "sweep_start": 1.5e-05,
    "sweep_stop": 3.5e-05,
    "sweep_npts": 21,
    "sweep_list": [
        1.5e-05,
        1.6e-05,
        1.7e-05,
        1.8e-05,
        1.9e-05,
        1.9999999999999998e-05,
        2.1000000000000002e-05,
        2.2e-05,
        2.3e-05,
        2.4e-05,
        2.4999999999999998e-05,
        2.6000000000000002e-05,
        2.7e-05,
        2.8e-05,
        2.9e-05,
        2.9999999999999997e-05,
        3.1e-05,
        3.2e-05,
        3.3e-05,
        3.4e-05,
        3.5e-05
    ]
}