{
    "ro_freq": 7460000000.0,
    "ro_power": -30,
    "qu_freq": 3645000000.0,
    "qu_power": -22,
    "current": "sweeping",
    "CW_onetone": {
        "ro_freq_step": 2000000.0,
        "ro_freq_start": 7460000000.0,
        "ro_freq_stop": 7460000000.0,
        "ro_freq_npts": 1,
        "sweep": "current"
    },
    "CW_twotone": {
        "qu_freq_step": 1000000.0,
        "qu_freq_start": 3669000000.0,
        "qu_freq_stop": 3699000000.0,
        "qu_freq_npts": false,
        "sweep": "index"
    },
    "CW_twotone_sweep_ro_freq": {
        "ro_freq_step": 250000.0,
        "ro_freq_start": 7260000000.0,
        "ro_freq_stop": 7660000000.0,
        "ro_freq_npts": false,
        "sweep": false
    },
    "vna_bw": 1000,
    "vna_avg": 1,
    "gs_rampstep": 1e-06,
    "gs_delay": 0.0005,
    "gs_voltage_lim": 1,
    "gs_current_range": 0.001,
    "index": false,
    "sweep_start": -0.0006,
    "sweep_stop": -0.0002,
    "sweep_npts": 101,
    "sweep_list": [
        -0.0006,
        -0.000596,
        -0.000592,
        -0.000588,
        -0.000584,
        -0.00058,
        -0.0005759999999999999,
        -0.0005719999999999999,
        -0.0005679999999999999,
        -0.0005639999999999999,
        -0.00056,
        -0.000556,
        -0.000552,
        -0.000548,
        -0.000544,
        -0.0005399999999999999,
        -0.0005359999999999999,
        -0.0005319999999999999,
        -0.0005279999999999999,
        -0.0005239999999999999,
        -0.00052,
        -0.000516,
        -0.000512,
        -0.000508,
        -0.0005039999999999999,
        -0.0005,
        -0.0004959999999999999,
        -0.0004919999999999999,
        -0.00048799999999999994,
        -0.00048399999999999995,
        -0.00047999999999999996,
        -0.00047599999999999997,
        -0.000472,
        -0.000468,
        -0.00046399999999999995,
        -0.00045999999999999996,
        -0.0004559999999999999,
        -0.00045199999999999993,
        -0.00044799999999999994,
        -0.00044399999999999995,
        -0.00043999999999999996,
        -0.00043599999999999997,
        -0.000432,
        -0.000428,
        -0.00042399999999999995,
        -0.00041999999999999996,
        -0.0004159999999999999,
        -0.00041199999999999993,
        -0.00040799999999999994,
        -0.00040399999999999995,
        -0.00039999999999999996,
        -0.000396,
        -0.000392,
        -0.00038799999999999994,
        -0.00038399999999999996,
        -0.00037999999999999997,
        -0.0003759999999999999,
        -0.00037199999999999993,
        -0.00036799999999999995,
        -0.00036399999999999996,
        -0.00035999999999999997,
        -0.000356,
        -0.00035199999999999994,
        -0.00034799999999999995,
        -0.00034399999999999996,
        -0.00033999999999999997,
        -0.000336,
        -0.00033199999999999994,
        -0.00032799999999999995,
        -0.00032399999999999996,
        -0.00031999999999999997,
        -0.000316,
        -0.00031199999999999994,
        -0.00030799999999999995,
        -0.00030399999999999996,
        -0.0003,
        -0.000296,
        -0.00029199999999999994,
        -0.00028799999999999995,
        -0.00028399999999999996,
        -0.00028,
        -0.000276,
        -0.00027199999999999994,
        -0.00026799999999999995,
        -0.00026399999999999997,
        -0.00026,
        -0.000256,
        -0.00025199999999999995,
        -0.00024799999999999996,
        -0.00024399999999999997,
        -0.00023999999999999998,
        -0.000236,
        -0.00023199999999999995,
        -0.00022799999999999996,
        -0.00022399999999999997,
        -0.00021999999999999998,
        -0.00021599999999999994,
        -0.00021199999999999995,
        -0.00020799999999999996,
        -0.00020399999999999997,
        -0.0002
    ]
}