{
    "ro_freq": 7464000000.0,
    "ro_power": -30,
    "qu_freq": 3645000000.0,
    "qu_power": -15,
    "current": "sweeping",
    "CW_onetone": {
        "ro_freq_step": 1000000.0,
        "ro_freq_start": 7464000000.0,
        "ro_freq_stop": 7464000000.0,
        "ro_freq_npts": 1,
        "sweep": "current"
    },
    "CW_twotone": {
        "qu_freq_step": 2000000.0,
        "qu_freq_start": 3650000000.0,
        "qu_freq_stop": 3950000000.0,
        "qu_freq_npts": 151,
        "sweep": "current"
    },
    "CW_twotone_sweep_ro_freq": {
        "ro_freq_step": 250000.0,
        "ro_freq_start": 7264000000.0,
        "ro_freq_stop": 7664000000.0,
        "ro_freq_npts": false,
        "sweep": false
    },
    "vna_bw": 200,
    "vna_avg": 1,
    "gs_rampstep": 1e-06,
    "gs_delay": 0.0005,
    "gs_voltage_lim": 1,
    "gs_current_range": 0.001,
    "index": false,
    "sweep_start": 1e-05,
    "sweep_stop": 2e-05,
    "sweep_npts": 31,
    "sweep_list": [
        1e-05,
        1.0333333333333335e-05,
        1.0666666666666667e-05,
        1.1000000000000001e-05,
        1.1333333333333334e-05,
        1.1666666666666668e-05,
        1.2e-05,
        1.2333333333333334e-05,
        1.2666666666666668e-05,
        1.3000000000000001e-05,
        1.3333333333333333e-05,
        1.3666666666666667e-05,
        1.4000000000000001e-05,
        1.4333333333333334e-05,
        1.4666666666666668e-05,
        1.5000000000000002e-05,
        1.5333333333333334e-05,
        1.5666666666666667e-05,
        1.6000000000000003e-05,
        1.6333333333333335e-05,
        1.6666666666666667e-05,
        1.7e-05,
        1.7333333333333336e-05,
        1.7666666666666668e-05,
        1.8000000000000004e-05,
        1.8333333333333336e-05,
        1.866666666666667e-05,
        1.9e-05,
        1.9333333333333333e-05,
        1.9666666666666666e-05,
        2e-05
    ]
}