{
    "ro_freq": 7464000000.0,
    "ro_power": -30,
    "qu_freq": 3645000000.0,
    "qu_power": -29,
    "current": "sweeping",
    "CW_onetone": {
        "ro_freq_step": 1000000.0,
        "ro_freq_start": 7464000000.0,
        "ro_freq_stop": 7464000000.0,
        "ro_freq_npts": 1,
        "sweep": "current"
    },
    "CW_twotone": {
        "qu_freq_step": 1000000.0,
        "qu_freq_start": 3800000000.0,
        "qu_freq_stop": 3560000000.0,
        "qu_freq_npts": false,
        "sweep": "index"
    },
    "CW_twotone_sweep_ro_freq": {
        "ro_freq_step": 250000.0,
        "ro_freq_start": 7264000000.0,
        "ro_freq_stop": 7664000000.0,
        "ro_freq_npts": false,
        "sweep": false
    },
    "vna_bw": 500,
    "vna_avg": 1,
    "gs_rampstep": 1e-06,
    "gs_delay": 0.0005,
    "gs_voltage_lim": 1,
    "gs_current_range": 0.001,
    "index": false,
    "sweep_start": -0.0005704,
    "sweep_stop": -0.0001604,
    "sweep_npts": 403,
    "sweep_list": [
        -0.0005704,
        -0.0005693800995024876,
        -0.0005683601990049751,
        -0.0005673402985074627,
        -0.0005663203980099502,
        -0.0005653004975124378,
        -0.0005642805970149254,
        -0.000563260696517413,
        -0.0005622407960199005,
        -0.0005612208955223881,
        -0.0005602009950248756,
        -0.0005591810945273632,
        -0.0005581611940298507,
        -0.0005571412935323383,
        -0.0005561213930348258,
        -0.0005551014925373135,
        -0.000554081592039801,
        -0.0005530616915422886,
        -0.0005520417910447761,
        -0.0005510218905472637,
        -0.0005500019900497512,
        -0.0005489820895522388,
        -0.0005479621890547263,
        -0.000546942288557214,
        -0.0005459223880597015,
        -0.0005449024875621891,
        -0.0005438825870646766,
        -0.0005428626865671642,
        -0.0005418427860696517,
        -0.0005408228855721393,
        -0.0005398029850746268,
        -0.0005387830845771144,
        -0.000537763184079602,
        -0.0005367432835820896,
        -0.0005357233830845771,
        -0.0005347034825870647,
        -0.0005336835820895522,
        -0.0005326636815920398,
        -0.0005316437810945273,
        -0.0005306238805970149,
        -0.0005296039800995024,
        -0.0005285840796019901,
        -0.0005275641791044776,
        -0.0005265442786069652,
        -0.0005255243781094527,
        -0.0005245044776119403,
        -0.0005234845771144278,
        -0.0005224646766169154,
        -0.0005214447761194029,
        -0.0005204248756218905,
        -0.0005194049751243781,
        -0.0005183850746268657,
        -0.0005173651741293532,
        -0.0005163452736318408,
        -0.0005153253731343283,
        -0.0005143054726368159,
        -0.0005132855721393034,
        -0.000512265671641791,
        -0.0005112457711442785,
        -0.0005102258706467662,
        -0.0005092059701492537,
        -0.0005081860696517413,
        -0.0005071661691542289,
        -0.0005061462686567164,
        -0.0005051263681592039,
        -0.0005041064676616915,
        -0.0005030865671641791,
        -0.0005020666666666667,
        -0.0005010467661691542,
        -0.0005000268656716418,
        -0.0004990069651741294,
        -0.0004979870646766169,
        -0.0004969671641791044,
        -0.000495947263681592,
        -0.0004949273631840796,
        -0.0004939074626865671,
        -0.0004928875621890548,
        -0.0004918676616915423,
        -0.0004908477611940299,
        -0.0004898278606965174,
        -0.000488807960199005,
        -0.0004877880597014925,
        -0.0004867681592039801,
        -0.00048574825870646764,
        -0.0004847283582089552,
        -0.00048370845771144276,
        -0.0004826885572139303,
        -0.0004816686567164179,
        -0.0004806487562189055,
        -0.000479628855721393,
        -0.0004786089552238806,
        -0.00047758905472636813,
        -0.00047656915422885574,
        -0.00047554925373134325,
        -0.00047452935323383087,
        -0.0004735094527363184,
        -0.000472489552238806,
        -0.0004714696517412935,
        -0.0004704497512437811,
        -0.0004694298507462686,
        -0.00046840995024875624,
        -0.00046739004975124374,
        -0.00046637014925373136,
        -0.00046535024875621887,
        -0.0004643303482587065,
        -0.00046331044776119404,
        -0.0004622905472636816,
        -0.00046127064676616917,
        -0.0004602507462686567,
        -0.0004592308457711443,
        -0.00045821094527363185,
        -0.0004571910447761194,
        -0.00045617114427860697,
        -0.00045515124378109453,
        -0.0004541313432835821,
        -0.00045311144278606966,
        -0.0004520915422885572,
        -0.0004510716417910448,
        -0.00045005174129353234,
        -0.0004490318407960199,
        -0.00044801194029850746,
        -0.000446992039800995,
        -0.0004459721393034826,
        -0.00044495223880597015,
        -0.0004439323383084577,
        -0.00044291243781094527,
        -0.00044189253731343283,
        -0.0004408726368159204,
        -0.00043985273631840795,
        -0.0004388328358208955,
        -0.0004378129353233831,
        -0.00043679303482587064,
        -0.0004357731343283582,
        -0.00043475323383084576,
        -0.0004337333333333333,
        -0.0004327134328358209,
        -0.00043169353233830845,
        -0.000430673631840796,
        -0.00042965373134328357,
        -0.00042863383084577113,
        -0.0004276139303482587,
        -0.00042659402985074625,
        -0.0004255741293532338,
        -0.0004245542288557214,
        -0.00042353432835820894,
        -0.00042251442786069655,
        -0.00042149452736318406,
        -0.0004204746268656717,
        -0.0004194547263681592,
        -0.0004184348258706468,
        -0.0004174149253731343,
        -0.0004163950248756219,
        -0.00041537512437810943,
        -0.00041435522388059704,
        -0.00041333532338308455,
        -0.00041231542288557217,
        -0.0004112955223880597,
        -0.0004102756218905473,
        -0.0004092557213930348,
        -0.0004082358208955224,
        -0.0004072159203980099,
        -0.00040619601990049754,
        -0.00040517611940298504,
        -0.00040415621890547266,
        -0.00040313631840796017,
        -0.0004021164179104478,
        -0.0004010965174129353,
        -0.0004000766169154229,
        -0.0003990567164179104,
        -0.000398036815920398,
        -0.00039701691542288553,
        -0.00039599701492537315,
        -0.00039497711442786066,
        -0.00039395721393034827,
        -0.0003929373134328358,
        -0.0003919174129353234,
        -0.00039089751243781096,
        -0.0003898776119402985,
        -0.0003888577114427861,
        -0.00038783781094527364,
        -0.0003868179104477612,
        -0.00038579800995024876,
        -0.0003847781094527363,
        -0.0003837582089552239,
        -0.00038273830845771145,
        -0.000381718407960199,
        -0.00038069850746268657,
        -0.00037967860696517413,
        -0.0003786587064676617,
        -0.00037763880597014925,
        -0.0003766189054726368,
        -0.0003755990049751244,
        -0.00037457910447761194,
        -0.0003735592039800995,
        -0.00037253930348258706,
        -0.0003715194029850746,
        -0.0003704995024875622,
        -0.00036947960199004975,
        -0.0003684597014925373,
        -0.00036743980099502487,
        -0.00036641990049751243,
        -0.0003654,
        -0.00036438009950248755,
        -0.0003633601990049751,
        -0.0003623402985074627,
        -0.00036132039800995024,
        -0.0003603004975124378,
        -0.00035928059701492536,
        -0.0003582606965174129,
        -0.0003572407960199005,
        -0.0003562208955223881,
        -0.0003552009950248756,
        -0.0003541810945273632,
        -0.00035316119402985073,
        -0.00035214129353233834,
        -0.00035112139303482585,
        -0.00035010149253731347,
        -0.000349081592039801,
