{
    "ro_freq": 7464000000.0,
    "ro_power": -30,
    "qu_freq": 3645000000.0,
    "qu_power": -29,
    "current": "sweeping",
    "CW_onetone": {
        "ro_freq_step": 1000000.0,
        "ro_freq_start": 7464000000.0,
        "ro_freq_stop": 7464000000.0,
        "ro_freq_npts": 1,
        "sweep": "current"
    },
    "CW_twotone": {
        "qu_freq_step": 1000000.0,
        "qu_freq_start": 3800000000.0,
        "qu_freq_stop": 3560000000.0,
        "qu_freq_npts": false,
        "sweep": "index"
    },
    "CW_twotone_sweep_ro_freq": {
        "ro_freq_step": 250000.0,
        "ro_freq_start": 7264000000.0,
        "ro_freq_stop": 7664000000.0,
        "ro_freq_npts": false,
        "sweep": false
    },
    "vna_bw": 500,
    "vna_avg": 1,
    "gs_rampstep": 1e-06,
    "gs_delay": 0.0005,
    "gs_voltage_lim": 1,
    "gs_current_range": 0.001,
    "index": false,
    "sweep_stop": -0.0006504,
    "sweep_start": -0.0004504,
    "sweep_npts": 403,
    "sweep_list": [
        -0.0004504,
        -0.00045089751243781095,
        -0.0004513950248756219,
        -0.00045189253731343286,
        -0.00045239004975124376,
        -0.0004528875621890547,
        -0.00045338507462686566,
        -0.0004538825870646766,
        -0.00045438009950248757,
        -0.0004548776119402985,
        -0.0004553751243781094,
        -0.0004558726368159204,
        -0.00045637014925373133,
        -0.0004568676616915423,
        -0.00045736517412935324,
        -0.0004578626865671642,
        -0.00045836019900497515,
        -0.00045885771144278605,
        -0.000459355223880597,
        -0.00045985273631840795,
        -0.0004603502487562189,
        -0.00046084776119402986,
        -0.0004613452736318408,
        -0.0004618427860696517,
        -0.00046234029850746267,
        -0.0004628378109452736,
        -0.0004633353233830846,
        -0.00046383283582089553,
        -0.0004643303482587065,
        -0.00046482786069651743,
        -0.00046532537313432833,
        -0.0004658228855721393,
        -0.00046632039800995024,
        -0.0004668179104477612,
        -0.00046731542288557215,
        -0.0004678129353233831,
        -0.000468310447761194,
        -0.00046880796019900496,
        -0.0004693054726368159,
        -0.00046980298507462686,
        -0.0004703004975124378,
        -0.00047079800995024877,
        -0.0004712955223880597,
        -0.0004717930348258706,
        -0.0004722905472636816,
        -0.00047278805970149253,
        -0.0004732855721393035,
        -0.00047378308457711444,
        -0.0004742805970149254,
        -0.0004747781094527363,
        -0.00047527562189054724,
        -0.0004757731343283582,
        -0.00047627064676616915,
        -0.0004767681592039801,
        -0.00047726567164179106,
        -0.000477763184079602,
        -0.0004782606965174129,
        -0.00047875820895522386,
        -0.0004792557213930348,
        -0.00047975323383084577,
        -0.0004802507462686567,
        -0.0004807482587064677,
        -0.0004812457711442786,
        -0.00048174328358208953,
        -0.0004822407960199005,
        -0.00048273830845771144,
        -0.0004832358208955224,
        -0.00048373333333333335,
        -0.0004842308457711443,
        -0.0004847283582089552,
        -0.00048522587064676615,
        -0.0004857233830845771,
        -0.00048622089552238806,
        -0.000486718407960199,
        -0.00048721592039800997,
        -0.00048771343283582087,
        -0.0004882109452736318,
        -0.0004887084577114428,
        -0.0004892059701492537,
        -0.0004897034825870647,
        -0.0004902009950248756,
        -0.0004906985074626866,
        -0.0004911960199004975,
        -0.0004916935323383085,
        -0.0004921910447761193,
        -0.0004926885572139303,
        -0.0004931860696517412,
        -0.0004936835820895522,
        -0.0004941810945273632,
        -0.0004946786069651741,
        -0.0004951761194029851,
        -0.000495673631840796,
        -0.000496171144278607,
        -0.0004966686567164179,
        -0.0004971661691542289,
        -0.0004976636815920398,
        -0.0004981611940298508,
        -0.0004986587064676616,
        -0.0004991562189054726,
        -0.0004996537313432835,
        -0.0005001512437810945,
        -0.0005006487562189054,
        -0.0005011462686567164,
        -0.0005016437810945273,
        -0.0005021412935323383,
        -0.0005026388059701493,
        -0.0005031363184079602,
        -0.0005036338308457712,
        -0.0005041313432835821,
        -0.0005046288557213931,
        -0.0005051263681592039,
        -0.0005056238805970149,
        -0.0005061213930348258,
        -0.0005066189054726368,
        -0.0005071164179104477,
        -0.0005076139303482587,
        -0.0005081114427860696,
        -0.0005086089552238806,
        -0.0005091064676616915,
        -0.0005096039800995025,
        -0.0005101014925373135,
        -0.0005105990049751244,
        -0.0005110965174129354,
        -0.0005115940298507462,
        -0.0005120915422885572,
        -0.0005125890547263681,
        -0.0005130865671641791,
        -0.00051358407960199,
        -0.000514081592039801,
        -0.0005145791044776119,
        -0.0005150766169154229,
        -0.0005155741293532338,
        -0.0005160716417910448,
        -0.0005165691542288557,
        -0.0005170666666666667,
        -0.0005175641791044776,
        -0.0005180616915422885,
        -0.0005185592039800994,
        -0.0005190567164179104,
        -0.0005195542288557214,
        -0.0005200517412935323,
        -0.0005205492537313433,
        -0.0005210467661691542,
        -0.0005215442786069652,
        -0.0005220417910447761,
        -0.0005225393034825871,
        -0.000523036815920398,
        -0.000523534328358209,
        -0.0005240318407960199,
        -0.0005245293532338308,
        -0.0005250268656716417,
        -0.0005255243781094527,
        -0.0005260218905472636,
        -0.0005265194029850746,
        -0.0005270169154228855,
        -0.0005275144278606965,
        -0.0005280119402985075,
        -0.0005285094527363184,
        -0.0005290069651741294,
        -0.0005295044776119403,
        -0.0005300019900497513,
        -0.0005304995024875622,
        -0.0005309970149253731,
        -0.000531494527363184,
        -0.000531992039800995,
        -0.0005324895522388059,
        -0.0005329870646766169,
        -0.0005334845771144278,
        -0.0005339820895522388,
        -0.0005344796019900497,
        -0.0005349771144278607,
        -0.0005354746268656717,
        -0.0005359721393034826,
        -0.0005364696517412936,
        -0.0005369671641791045,
        -0.0005374646766169154,
        -0.0005379621890547263,
        -0.0005384597014925373,
        -0.0005389572139303482,
        -0.0005394547263681592,
        -0.0005399522388059701,
        -0.0005404497512437811,
        -0.000540947263681592,
        -0.000541444776119403,
        -0.0005419422885572139,
        -0.0005424398009950249,
        -0.0005429373134328358,
        -0.0005434348258706468,
        -0.0005439323383084576,
        -0.0005444298507462686,
        -0.0005449273631840796,
        -0.0005454248756218905,
        -0.0005459223880597015,
        -0.0005464199004975124,
        -0.0005469174129353234,
        -0.0005474149253731343,
        -0.0005479124378109453,
        -0.0005484099502487562,
        -0.0005489074626865672,
        -0.0005494049751243781,
        -0.0005499024875621891,
        -0.0005503999999999999,
        -0.0005508975124378109,
        -0.0005513950248756218,
        -0.0005518925373134328,
        -0.0005523900497512437,
        -0.0005528875621890547,
        -0.0005533850746268657,
        -0.0005538825870646766,
        -0.0005543800995024876,
        -0.0005548776119402985,
        -0.0005553751243781095,
        -0.0005558726368159204,
        -0.0005563701492537314,
        -0.0005568676616915422,
        -0.0005573651741293532,
        -0.0005578626865671641,
        -0.0005583601990049751,
