{
    "ro_freq": 7459000000.0,
    "ro_power": -30,
    "qu_freq": 3645000000.0,
    "qu_power": -15,
    "current": "sweeping",
    "CW_onetone": {
        "ro_freq_step": 2000000.0,
        "ro_freq_start": 7459000000.0,
        "ro_freq_stop": 7459000000.0,
        "ro_freq_npts": 1,
        "sweep": "current"
    },
    "CW_twotone": {
        "qu_freq_step": 500000.0,
        "qu_freq_start": 3600000000.0,
        "qu_freq_stop": 3800000000.0,
        "qu_freq_npts": false,
        "sweep": false
    },
    "CW_twotone_sweep_ro_freq": {
        "ro_freq_step": 250000.0,
        "ro_freq_start": 7259000000.0,
        "ro_freq_stop": 7659000000.0,
        "ro_freq_npts": false,
        "sweep": false
    },
    "vna_bw": 200,
    "vna_avg": 1,
    "gs_rampstep": 1e-06,
    "gs_delay": 0.0005,
    "gs_voltage_lim": 1,
    "gs_current_range": 0.001,
    "index": false,
    "sweep_start": -0.0003,
    "sweep_stop": 0.0003,
    "sweep_npts": 301,
    "sweep_list": [
        -0.0003,
        -0.000298,
        -0.000296,
        -0.000294,
        -0.000292,
        -0.00029,
        -0.00028799999999999995,
        -0.00028599999999999996,
        -0.00028399999999999996,
        -0.00028199999999999997,
        -0.00028,
        -0.000278,
        -0.000276,
        -0.000274,
        -0.000272,
        -0.00026999999999999995,
        -0.00026799999999999995,
        -0.00026599999999999996,
        -0.00026399999999999997,
        -0.00026199999999999997,
        -0.00026,
        -0.000258,
        -0.000256,
        -0.000254,
        -0.00025199999999999995,
        -0.00025,
        -0.00024799999999999996,
        -0.00024599999999999996,
        -0.00024399999999999997,
        -0.00024199999999999997,
        -0.00023999999999999998,
        -0.00023799999999999998,
        -0.000236,
        -0.000234,
        -0.00023199999999999997,
        -0.00022999999999999998,
        -0.00022799999999999996,
        -0.00022599999999999996,
        -0.00022399999999999997,
        -0.00022199999999999998,
        -0.00021999999999999998,
        -0.00021799999999999999,
        -0.000216,
        -0.000214,
        -0.00021199999999999998,
        -0.00020999999999999998,
        -0.00020799999999999996,
        -0.00020599999999999997,
        -0.00020399999999999997,
        -0.00020199999999999998,
        -0.00019999999999999998,
        -0.000198,
        -0.000196,
        -0.00019399999999999997,
        -0.00019199999999999998,
        -0.00018999999999999998,
        -0.00018799999999999996,
        -0.00018599999999999997,
        -0.00018399999999999997,
        -0.00018199999999999998,
        -0.00017999999999999998,
        -0.000178,
        -0.00017599999999999997,
        -0.00017399999999999997,
        -0.00017199999999999998,
        -0.00016999999999999999,
        -0.000168,
        -0.00016599999999999997,
        -0.00016399999999999997,
        -0.00016199999999999998,
        -0.00015999999999999999,
        -0.000158,
        -0.00015599999999999997,
        -0.00015399999999999998,
        -0.00015199999999999998,
        -0.00015,
        -0.000148,
        -0.00014599999999999997,
        -0.00014399999999999998,
        -0.00014199999999999998,
        -0.00014,
        -0.000138,
        -0.00013599999999999997,
        -0.00013399999999999998,
        -0.00013199999999999998,
        -0.00013,
        -0.000128,
        -0.00012599999999999997,
        -0.00012399999999999998,
        -0.00012199999999999998,
        -0.00011999999999999999,
        -0.000118,
        -0.00011599999999999997,
        -0.00011399999999999998,
        -0.00011199999999999998,
        -0.00010999999999999999,
        -0.00010799999999999997,
        -0.00010599999999999997,
        -0.00010399999999999998,
        -0.00010199999999999999,
        -9.999999999999999e-05,
        -9.799999999999997e-05,
        -9.599999999999998e-05,
        -9.399999999999998e-05,
        -9.199999999999999e-05,
        -8.999999999999999e-05,
        -8.799999999999997e-05,
        -8.599999999999998e-05,
        -8.399999999999998e-05,
        -8.199999999999999e-05,
        -7.999999999999999e-05,
        -7.799999999999997e-05,
        -7.599999999999998e-05,
        -7.399999999999998e-05,
        -7.199999999999999e-05,
        -7e-05,
        -6.799999999999997e-05,
        -6.599999999999998e-05,
        -6.399999999999998e-05,
        -6.199999999999999e-05,
        -5.9999999999999995e-05,
        -5.799999999999997e-05,
        -5.599999999999998e-05,
        -5.400000000000001e-05,
        -5.199999999999996e-05,
        -4.999999999999997e-05,
        -4.7999999999999974e-05,
        -4.599999999999998e-05,
        -4.3999999999999985e-05,
        -4.199999999999999e-05,
        -3.9999999999999996e-05,
        -3.8e-05,
        -3.600000000000001e-05,
        -3.399999999999996e-05,
        -3.1999999999999965e-05,
        -2.999999999999997e-05,
        -2.7999999999999976e-05,
        -2.599999999999998e-05,
        -2.3999999999999987e-05,
        -2.1999999999999993e-05,
        -1.9999999999999998e-05,
        -1.8000000000000004e-05,
        -1.600000000000001e-05,
        -1.399999999999996e-05,
        -1.1999999999999966e-05,
        -9.999999999999972e-06,
        -7.999999999999978e-06,
        -5.999999999999983e-06,
        -3.999999999999989e-06,
        -1.9999999999999944e-06,
        0.0,
        1.9999999999999944e-06,
        3.999999999999989e-06,
        6.000000000000037e-06,
        8.000000000000032e-06,
        1.0000000000000026e-05,
        1.200000000000002e-05,
        1.4000000000000015e-05,
        1.600000000000001e-05,
        1.8000000000000004e-05,
        1.9999999999999998e-05,
        2.1999999999999993e-05,
        2.3999999999999987e-05,
        2.6000000000000036e-05,
        2.800000000000003e-05,
        3.0000000000000024e-05,
        3.200000000000002e-05,
        3.400000000000001e-05,
        3.600000000000001e-05,
        3.8e-05,
        3.9999999999999996e-05,
        4.199999999999999e-05,
        4.3999999999999985e-05,
        4.6000000000000034e-05,
        4.800000000000003e-05,
        5.000000000000002e-05,
        5.200000000000002e-05,
        5.400000000000001e-05,
        5.6000000000000006e-05,
        5.8e-05,
        5.9999999999999995e-05,
        6.199999999999999e-05,
        6.399999999999998e-05,
        6.600000000000003e-05,
        6.800000000000003e-05,
        7.000000000000002e-05,
        7.200000000000002e-05,
        7.400000000000001e-05,
        7.6e-05,
        7.8e-05,
        7.999999999999999e-05,
        8.199999999999999e-05,
        8.400000000000004e-05,
        8.600000000000003e-05,
        8.800000000000002e-05,
        9.000000000000002e-05,
        9.200000000000001e-05,
        9.400000000000001e-05,
        9.6e-05,
        9.8e-05,
        9.999999999999999e-05,
        0.00010199999999999999,
        0.00010400000000000003,
        0.00010600000000000003,
        0.00010800000000000002,
        0.00011000000000000002,
        0.00011200000000000001,
        0.000114,
        0.000116,
        0.000118,
        0.00011999999999999999,
        0.00012199999999999998,
        0.00012400000000000003,
        0.00012600000000000003,
        0.00012800000000000002,
        0.00013000000000000002,
        0.000132,
        0.000134,
        0.000136,
        0.000138,
        0.00014,
        0.00014199999999999998,
        0.00014400000000000003,
        0.00014600000000000003,
        0.00014800000000000002,
        0.00015000000000000001,
        0.000152,
        0.000154,
        0.000156,
        0.000158,
        0.00015999999999999999,
        0.00016199999999999998,
        0.00016400000000000003,
        0.00016600000000000002,
        0.00016800000000000002,
        0.00017,
        0.000172,
        0.000174,
        0.000176,
        0.000178,
        0.00017999999999999998,
        0.00018199999999999998,
