{
    "ro_freq": 7464000000.0,
    "ro_power": -30,
    "qu_freq": 3645000000.0,
    "qu_power": -29,
    "current": "sweeping",
    "CW_onetone": {
        "ro_freq_step": 1000000.0,
        "ro_freq_start": 7464000000.0,
        "ro_freq_stop": 7464000000.0,
        "ro_freq_npts": 1,
        "sweep": "current"
    },
    "CW_twotone": {
        "qu_freq_step": 1000000.0,
        "qu_freq_start": 3550000000.0,
        "qu_freq_stop": 3750000000.0,
        "qu_freq_npts": 201,
        "sweep": "current"
    },
    "CW_twotone_sweep_ro_freq": {
        "ro_freq_step": 250000.0,
        "ro_freq_start": 7264000000.0,
        "ro_freq_stop": 7664000000.0,
        "ro_freq_npts": false,
        "sweep": false
    },
    "vna_bw": 50,
    "vna_avg": 1,
    "gs_rampstep": 1e-06,
    "gs_delay": 0.0005,
    "gs_voltage_lim": 1,
    "gs_current_range": 0.001,
    "index": false,
    "sweep_start": -0.000534,
    "sweep_stop": -0.000528,
    "sweep_npts": 51,
    "sweep_list": [
        -0.000534,
        -0.0005338799999999999,
        -0.00053376,
        -0.0005336399999999999,
        -0.00053352,
        -0.0005334,
        -0.00053328,
        -0.00053316,
        -0.00053304,
        -0.00053292,
        -0.0005327999999999999,
        -0.00053268,
        -0.00053256,
        -0.00053244,
        -0.00053232,
        -0.0005322,
        -0.00053208,
        -0.0005319599999999999,
        -0.00053184,
        -0.00053172,
        -0.0005316,
        -0.00053148,
        -0.00053136,
        -0.00053124,
        -0.00053112,
        -0.000531,
        -0.00053088,
        -0.00053076,
        -0.00053064,
        -0.00053052,
        -0.0005304,
        -0.00053028,
        -0.00053016,
        -0.0005300400000000001,
        -0.00052992,
        -0.0005298,
        -0.00052968,
        -0.00052956,
        -0.00052944,
        -0.00052932,
        -0.0005292000000000001,
        -0.00052908,
        -0.00052896,
        -0.00052884,
        -0.00052872,
        -0.0005286000000000001,
        -0.00052848,
        -0.0005283600000000001,
        -0.00052824,
        -0.0005281200000000001,
        -0.000528
    ]
}