{
    "ro_freq": 7464000000.0,
    "ro_power": -30,
    "qu_freq": 3645000000.0,
    "qu_power": -29,
    "current": "sweeping",
    "CW_onetone": {
        "ro_freq_step": 1000000.0,
        "ro_freq_start": 7464000000.0,
        "ro_freq_stop": 7464000000.0,
        "ro_freq_npts": 1,
        "sweep": "current"
    },
    "CW_twotone": {
        "qu_freq_step": 1000000.0,
        "qu_freq_start": 3800000000.0,
        "qu_freq_stop": 3560000000.0,
        "qu_freq_npts": false,
        "sweep": "index"
    },
    "CW_twotone_sweep_ro_freq": {
        "ro_freq_step": 250000.0,
        "ro_freq_start": 7264000000.0,
        "ro_freq_stop": 7664000000.0,
        "ro_freq_npts": false,
        "sweep": false
    },
    "vna_bw": 500,
    "vna_avg": 1,
    "gs_rampstep": 1e-06,
    "gs_delay": 0.0005,
    "gs_voltage_lim": 1,
    "gs_current_range": 0.001,
    "index": false,
    "sweep_start": -0.0005624,
    "sweep_stop": -0.0001604,
    "sweep_npts": 403,
    "sweep_list": [
        -0.0005624,
        -0.0005614,
        -0.0005604,
        -0.0005594,
        -0.0005584,
        -0.0005574,
        -0.0005564,
        -0.0005554000000000001,
        -0.0005544,
        -0.0005534,
        -0.0005524,
        -0.0005514,
        -0.0005504,
        -0.0005494,
        -0.0005484,
        -0.0005474,
        -0.0005464,
        -0.0005454,
        -0.0005444,
        -0.0005434,
        -0.0005424,
        -0.0005414,
        -0.0005404,
        -0.0005394,
        -0.0005384,
        -0.0005374,
        -0.0005364,
        -0.0005354,
        -0.0005344,
        -0.0005334000000000001,
        -0.0005324,
        -0.0005314,
        -0.0005304,
        -0.0005294,
        -0.0005284,
        -0.0005274,
        -0.0005264,
        -0.0005254,
        -0.0005244000000000001,
        -0.0005234,
        -0.0005224,
        -0.0005214,
        -0.0005204,
        -0.0005194,
        -0.0005184,
        -0.0005174,
        -0.0005164,
        -0.0005154000000000001,
        -0.0005144,
        -0.0005134,
        -0.0005124,
        -0.0005114,
        -0.0005104,
        -0.0005094,
        -0.0005084,
        -0.0005074,
        -0.0005064000000000001,
        -0.0005054,
        -0.0005044,
        -0.0005034,
        -0.0005024000000000001,
        -0.0005014,
        -0.0005004,
        -0.0004994,
        -0.0004984,
        -0.0004974000000000001,
        -0.0004964,
        -0.0004954,
        -0.0004944,
        -0.0004934,
        -0.0004924,
        -0.0004914,
        -0.0004904,
        -0.0004894,
        -0.0004884,
        -0.00048740000000000003,
        -0.0004864,
        -0.0004854,
        -0.0004844,
        -0.00048340000000000004,
        -0.0004824,
        -0.0004814,
        -0.0004804,
        -0.0004794,
        -0.00047840000000000003,
        -0.0004774,
        -0.00047640000000000003,
        -0.0004754,
        -0.00047440000000000004,
        -0.0004734,
        -0.0004724,
        -0.0004714,
        -0.0004704,
        -0.0004694,
        -0.0004684,
        -0.00046740000000000003,
        -0.0004664,
        -0.00046540000000000004,
        -0.0004644,
        -0.0004634,
        -0.0004624,
        -0.0004614,
        -0.0004604,
        -0.0004594,
        -0.00045840000000000003,
        -0.0004574,
        -0.00045640000000000003,
        -0.0004554,
        -0.0004544,
        -0.0004534,
        -0.00045240000000000005,
        -0.0004514,
        -0.0004504,
        -0.00044940000000000003,
        -0.0004484,
        -0.00044740000000000003,
        -0.0004464,
        -0.0004454,
        -0.0004444,
        -0.00044340000000000004,
        -0.0004424,
        -0.0004414,
        -0.0004404,
        -0.00043940000000000006,
        -0.00043840000000000003,
        -0.0004374,
        -0.0004364,
        -0.0004354,
        -0.00043440000000000004,
        -0.0004334,
        -0.0004324,
        -0.0004314,
        -0.00043040000000000005,
        -0.00042940000000000003,
        -0.0004284,
        -0.0004274,
        -0.0004264,
        -0.00042540000000000004,
        -0.0004244,
        -0.0004234,
        -0.0004224,
        -0.00042140000000000005,
        -0.00042040000000000003,
        -0.0004194,
        -0.0004184,
        -0.0004174,
        -0.00041640000000000004,
        -0.0004154,
        -0.0004144,
        -0.0004134,
        -0.00041240000000000005,
        -0.0004114,
        -0.0004104,
        -0.0004094,
        -0.0004084,
        -0.00040740000000000004,
        -0.0004064,
        -0.0004054,
        -0.0004044,
        -0.00040340000000000005,
        -0.0004024,
        -0.0004014,
        -0.00040040000000000003,
        -0.0003994,
        -0.00039840000000000003,
        -0.0003974,
        -0.0003964,
        -0.0003954,
        -0.00039440000000000005,
        -0.0003934,
        -0.0003924,
        -0.0003914,
        -0.00039040000000000006,
        -0.00038940000000000003,
        -0.0003884,
        -0.0003874,
        -0.0003864,
        -0.00038540000000000004,
        -0.0003844,
        -0.0003834,
        -0.0003824,
        -0.00038140000000000005,
        -0.00038040000000000003,
        -0.0003794,
        -0.0003784,
        -0.0003774,
        -0.00037640000000000004,
        -0.0003754,
        -0.0003744,
        -0.0003734,
        -0.00037240000000000005,
        -0.00037140000000000003,
        -0.0003704,
        -0.0003694,
        -0.0003684,
        -0.00036740000000000004,
        -0.0003664,
        -0.0003654,
        -0.0003644,
        -0.00036340000000000005,
        -0.0003624,
        -0.0003614,
        -0.0003604,
        -0.0003594,
        -0.00035840000000000004,
        -0.0003574,
        -0.0003564,
        -0.0003554,
        -0.00035440000000000005,
        -0.0003534,
        -0.0003524,
        -0.00035140000000000003,
        -0.0003504,
        -0.00034940000000000004,
        -0.0003484,
        -0.0003474,
        -0.0003464,
        -0.00034540000000000005,
        -0.0003444,
        -0.0003434,
        -0.00034240000000000003,
        -0.00034140000000000006,
        -0.00034040000000000003,
        -0.0003394,
        -0.0003384,
        -0.0003374,
        -0.00033640000000000005,
        -0.0003354,
        -0.0003344,
        -0.0003334,
        -0.00033240000000000006,
        -0.00033140000000000003,
        -0.0003304,
        -0.0003294,
        -0.0003284,
        -0.00032740000000000004,
        -0.0003264,
        -0.0003254,
        -0.0003244,
        -0.00032340000000000005,
        -0.00032240000000000003,
        -0.0003214,
        -0.0003204,
        -0.0003194,
        -0.00031840000000000004,
        -0.0003174,
        -0.00031640000000000005,
        -0.0003154,
        -0.0003144,
        -0.00031340000000000003,
        -0.0003124,
        -0.00031140000000000003,
        -0.0003104,
        -0.00030940000000000004,
        -0.0003084,
        -0.00030740000000000005,
        -0.0003064,
        -0.0003054,
        -0.0003044,
        -0.0003034,
        -0.00030240000000000003,
        -0.0003014,
        -0.00030040000000000004,
        -0.0002994,
        -0.00029840000000000004,
        -0.0002974,
        -0.0002964,
        -0.0002954,
        -0.0002944,
        -0.00029340000000000003,
        -0.0002924,
        -0.00029140000000000004,
        -0.0002904,
        -0.00028940000000000004,
        -0.0002884,
        -0.00028740000000000005,
        -0.0002864,
        -0.0002854,
        -0.00028440000000000003,
        -0.0002834,
        -0.00028240000000000003,
        -0.0002814,
        -0.00028040000000000004,
        -0.0002794,
        -0.00027840000000000005,
        -0.0002774,
        -0.0002764,
        -0.0002754,
        -0.0002744,
        -0.00027340000000000003,
        -0.0002724,
        -0.00027140000000000004,
        -0.0002704,
        -0.00026940000000000004,
        -0.0002684,
        -0.00026740000000000005,
        -0.0002664,
        -0.0002654,
